人物类型,人物名称,人物别名,移动速度,攻击频率,生命值基准值        ,生命值参数,攻击力基准值,攻击力参数,攻击力大基准值,攻击力大参数,魔法攻击属性,魔法攻击基准值,魔法攻击参数,魔法攻击基准值,魔法攻击参数,防御力基准值,防御力参数,金魔法防御基准值,金魔法防御参数,木魔法防御基准值,木魔法防御参数,水魔法防御基准值,水魔法防御参数,火魔法防御基准值,火魔法防御参数,土魔法防御基准值,土魔法防御参数,命中率基准值,命中率参数,闪避率基准值,闪避率参数,经验值基准值,经验值参数,图形1,图形2,图形3,图形4,图形5,最小道具随机数,最大道具随机数,随机道具类型1,类型1概率,随机道具类型2,类型2概率,随机道具类型3,类型3概率,随机道具类型4,类型4概率,随机道具类型5,类型5概率,技能1,技能2,技能3,技能4,技能5,技能6,技能7,技能8,名称ID,视野,打击恢复率,减少物理伤害,减少魔法伤害,眩晕免疫,中毒免疫,冰冻免疫,失明免疫,石化免疫,溃散免疫,其他免疫,是否陷阱,生命恢复率
百姓樵夫,樵夫,woodman_b,6,3,40,16,6,2,9,3,,,,,,0,0,0,0,0,0,0,0,0,0,0,0,96,16,72,12,20,10,8,,,,,1,1,60,100,,,,,,,,,樵夫_攻击1,樵夫_攻击2,,,,,,,1301,0,70,0,0,0,0,0,0,0,0,0,,2
百姓猎户叉,猎户,hunter_fork_b,6,3,60,24,6,2,12,4,,,,,,0,0,0,0,0,0,0,0,0,0,0,0,96,16,72,12,24,12,24,,,,,1,1,60,100,,,,,,,,,猎户_攻击1,猎户_攻击2,,,,,,,1302,0,70,0,0,0,0,0,0,0,0,0,,2
百姓猎户弓箭,猎户,hunter_archer_b,6,3,60,24,6,2,9,3,,,,,,0,0,0,0,0,0,0,0,0,0,0,0,150,25,72,12,30,15,87,,,,,1,1,60,100,,,,,,,,,旧人弓箭_射箭,,,,,,,,1302,0,70,0,0,0,0,0,0,0,0,0,,2
百姓屠夫菜刀,屠夫,butcher_knife_b,6,3,80,32,9,3,15,5,,,,,,0,0,0,0,0,0,0,0,0,0,0,0,96,16,72,12,30,15,61,,,,,1,1,60,100,,,,,,,,,屠夫刀_攻击1,,,,,,,,1303,0,140,0,0,0,0,0,0,0,0,0,,2
百姓屠夫铁棍,屠夫,butcher_stick_b,6,3,80,32,9,3,15,5,,,,,,0,0,0,0,0,0,0,0,0,0,0,0,96,16,72,12,30,15,62,,,,,1,1,60,100,,,,,,,,,屠夫棍_攻击,,,,,,,,1303,0,140,0,0,0,0,0,0,0,0,0,,2
百姓打手,打手,dashou_b,6,3,80,32,8,4,16,8,,,,,,0,0,0,0,0,0,0,0,0,0,0,0,96,16,72,12,20,10,9,,,,,1,1,60,100,,,,,,,,,打手_攻击1,打手_攻击2,,,,,,,1304,0,70,0,0,0,0,0,0,0,0,0,,2
旧人女射手,女射手,archer_female_b,6,3,50,20,6,2,9,3,,,,,,0,0,0,0,0,0,0,0,0,0,0,0,180,30,72,12,24,12,60,,,,,1,1,101,20,,,,,,,,,女射手_射箭,女射手_连珠快箭,,,,,,,1305,0,70,0,0,0,0,0,0,0,0,0,,2
旧人牛二,牛二,niuer_b,6,3,80,32,9,3,18,6,,,,,,0,0,0,0,0,0,0,0,0,0,0,0,96,16,72,12,40,20,80,,,,,1,1,101,20,,,,,,,,,牛二_攻击1,牛二_攻击2,,,,,,,1306,0,140,0,0,0,0,0,0,0,0,0,,2
旧人大壮,大壮,strong_man_b,6,3,120,48,18,6,27,9,,,,,,0,0,0,0,0,0,0,0,0,0,0,0,96,16,72,12,50,25,81,,,,,1,1,101,20,,,,,,,,,大壮_攻击1,大壮_攻击2,,,,,,,1307,0,140,0,0,0,0,0,0,0,0,0,,2
旧人弓箭手,弓箭手,archer_b,6,3,60,24,6,2,9,3,,,,,,0,0,0,0,0,0,0,0,0,0,0,0,180,30,72,12,24,12,200,,,,,1,1,60,100,,,,,,,,,旧人弓箭_射箭,,,,,,,,1308,0,70,0,0,0,0,0,0,0,0,0,,2
旧人农民,农民,peasant_b,6,3,250,100,15,5,24,8,,,,,,0,0,0,0,0,0,0,0,0,0,0,0,96,16,72,12,20,10,88,,,,,1,1,60,100,,,,,,,,,旧人农民_攻击,,,,,,,,1309,0,70,0,0,0,0,0,0,0,0,0,,2
旧人恶霸,恶霸,eba_b,6,3,40,16,6,2,9,3,,,,,,0,0,0,0,0,0,0,0,0,0,0,0,96,16,72,12,24,12,89,,,,,5,5,60,80,,,,,,,,,旧人恶霸_攻击1,,,,,,,,1310,0,70,0,0,0,0,0,0,0,0,0,,2
旧人白衣,白衣,baiyi_b,6,3,50,20,12,4,18,6,,,,,,0,0,0,0,0,0,0,0,0,0,0,0,100,20,75,15,50,25,90,,,,,1,1,999,30,,,,,,,,,旧人白衣_攻击1,旧人白衣_攻击2,,,,,,,1311,0,70,0,0,0,0,0,0,0,0,0,,2
旧人秦弓,秦弓,archer_qin_b,6,3,40,16,6,2,12,4,,,,,,0,0,0,0,0,0,0,0,0,0,0,0,180,30,72,12,42,21,199,,,,,1,1,60,100,,,,,,,,,旧人秦弓_射箭,,,,,,,,1312,0,70,0,0,0,0,0,0,0,0,0,,2
旧人将军,将军,general_b,6,3,200,80,18,6,27,9,,,,,,0,0,0,0,0,0,0,0,0,0,0,0,60,10,36,6,252,126,82,,,,,1,1,,,,,,,,,,,旧人将军_攻击1,旧人将军_攻击2,旧人将军_冲,,,,,,1351,0,190,0,0,0,0,0,0,0,0,0,,1
骷髅兵刀盾,,boss_general_a,lv6,,480,120,12.8,3.2,19.2,4.8,,,,,,0,0,0,0,0,0,0,0,0,0,0,0,72,12,48,8,35,1.4,280,,,,,3,6,999,80,60,10,51,5,0,1,2,4,秦军大将_砍,秦军大将_喊人,秦军大将_雷霆万钧,秦军大将_横扫千军,秦军大将_劈,,,,1003,0,180,0,30,50,50,50,50,50,50,50,,0
骷髅兵弓箭手,,boss_general_a,lv6,,480,120,12.8,3.2,19.2,4.8,,,,,,0,0,0,0,0,0,0,0,0,0,0,0,72,12,48,8,35,1.4,280,,,,,3,6,999,80,60,10,51,5,0,1,2,4,秦军大将_砍,秦军大将_喊人,秦军大将_雷霆万钧,秦军大将_横扫千军,秦军大将_劈,,,,1003,0,180,0,30,50,50,50,50,50,50,50,,0
蝙蝠怪A,,boss_general_b,lv35,,640,160,0,0,0,0,3,10.8,2.7,16,4,0,0,0,0,0,0,0,0,20,20,-10,-10,72,12,48,8,35,1.4,281,,,,,3,6,999,80,60,10,51,5,0,1,1,4,秦军大将_水攻击,秦军大将_喊人,秦军大将_御气之术,秦军大将_霸道无双,,,,,1003,0,180,0,30,75,75,75,75,75,75,75,,0
蝙蝠怪B,,boss_general_b,lv35,,640,160,0,0,0,0,3,10.8,2.7,16,4,0,0,0,0,0,0,0,0,20,20,-10,-10,72,12,48,8,35,1.4,281,,,,,3,6,999,80,60,10,51,5,0,1,1,4,秦军大将_水攻击,秦军大将_喊人,秦军大将_御气之术,秦军大将_霸道无双,,,,,1003,0,180,0,30,75,75,75,75,75,75,75,,0
蜘蛛怪,,boss_general_c,lv36,,640,160,0,0,0,0,5,10.8,2.7,16,4,0,0,0,0,-10,-10,20,20,0,0,0,0,72,12,48,8,35,1.4,281,,,,,3,6,999,80,60,10,51,5,0,1,1,4,秦军大将_土攻击,秦军大将_喊人,秦军大将_御气之术,秦军大将_真霸道无双,,,,,1003,0,180,0,30,75,75,75,75,75,75,75,,0
动物狗熊A,狗熊,bear_a,6,3,100,67.5,18,7.2,30,12,,,,,,8,8,0,0,0,0,0,0,0,0,0,0,60,15,40,10,60,30,25,,,,,1,1,1006,5,1015,10,1024,5,1033,10,,,狗熊_抓,狗熊_击退攻击,,,,,,,1201,0,180,0,0,0,0,0,0,0,0,0,10,2
动物狗熊B,狗熊,bear_b,6,3,100,67.5,18,7.2,30,12,,,,,,8,8,0,0,0,0,0,0,0,0,0,0,60,15,40,10,60,30,25,,,,,1,1,1006,5,1015,10,1024,5,1033,10,,,狗熊_抓,狗熊_吼,,,,,,,1201,0,180,0,0,0,0,0,0,0,0,0,10,2
动物狗熊C,狗熊,bear_c,6,3,100,67.5,0,0,0,0,1,14.4,6,24,10,8,8,0,0,16,16,0,0,-8,-8,0,0,60,15,40,10,60,30,323,,,,,1,1,1006,5,1015,10,1024,5,1033,10,,,狗熊_眩晕攻击,,,,,,,,1201,0,180,0,0,0,0,0,0,0,0,0,10,2
狗熊,狗熊,bear_d,6,3,100,67.5,18,7.2,30,12,,,,,,8,8,0,0,0,0,0,0,0,0,0,0,60,15,40,10,60,30,25,,,,,1,1,1006,5,1015,10,1024,5,1033,10,,,狗熊_抓,狗熊_吼,,,,,,,1201,0,180,0,0,0,0,0,0,0,0,0,,2
动物老虎小A,老虎,tiger_a,6,3,50,17.5,9.6,3.6,16.2,6,,,,,,0,0,0,0,0,0,0,0,0,0,0,0,128,32,80,20,56,28,39,,,,,1,1,1005,3,1014,5,1023,3,1032,5,,,老虎_抓,老虎_扑,,,,,,,1202,0,110,0,0,0,0,0,0,0,0,0,10,2
动物老虎小B,老虎,tiger_b,6,3,50,17.5,9.6,3.6,16.2,6,,,,,,0,0,0,0,0,0,0,0,0,0,0,0,128,32,80,20,56,28,39,,,,,1,1,1005,3,1014,5,1023,3,1032,5,,,老虎_抓,老虎_扑,老虎_冲,,,,,,1202,0,110,0,0,0,0,0,0,0,0,0,10,2
动物老虎小C,老虎,tiger_c,6,3,50,17.5,9.6,3.6,16.2,6,,,,,,0,0,0,0,0,0,0,0,0,0,0,0,128,32,80,20,56,28,39,,,,,1,1,1005,3,1014,5,1023,3,1032,5,,,老虎_抓,老虎_扑,老虎_冲,,,,,,1202,0,110,0,0,0,0,0,0,0,0,0,10,2
动物老虎小D,老虎,tiger_d,6,3,50,17.5,9.6,3.6,16.2,6,,,,,,0,0,0,0,0,0,0,0,0,0,0,0,128,32,80,20,56,28,39,,,,,1,1,1005,3,1014,5,1023,3,1032,5,,,老虎_抓,老虎_扑,,,,,,,1202,0,110,0,0,0,0,0,0,0,0,0,10,2
动物老虎大,大老虎,tiger_big,6,3,80,28,12,4.7,19.2,7.5,,,,,,0,0,0,0,0,0,0,0,0,0,0,0,128,32,80,20,100,50,327,,,,,1,1,1005,3,1014,5,1023,3,1032,5,,,老虎_抓,老虎_扑,老虎_冲,,,,,,1203,0,110,0,0,0,0,0,0,0,0,0,10,2
动物老虎白,白虎,tiger_white,6,3,120,42,12,4.7,19.2,7.5,,,,,,0,0,0,0,0,0,0,0,0,0,0,0,128,32,80,20,100,50,328,,,,,1,1,1005,3,1014,5,1023,3,1032,5,,,老虎_抓,白老虎_扑,,,,,,,1204,0,110,0,0,0,0,0,0,0,0,0,,2
动物狼灰A,狼,wolf_a,6,3,30,10.5,6,2,10.8,4,,,,,,0,0,0,0,0,0,0,0,0,0,0,0,128,32,80,20,24,12,248,,,,,1,1,1003,3,1012,5,1021,3,1030,5,,,狼_抓,狼_扑,,,,,,,1205,0,70,0,0,0,0,0,0,0,0,0,10,2
动物狼灰B,狼,wolf_b,6,3,30,10.5,6,2,10.8,4,,,,,,0,0,0,0,0,0,0,0,0,0,0,0,128,32,80,20,24,12,248,,,,,1,1,1003,3,1012,5,1021,3,1030,5,,,狼_抓,狼_扑,狼_冲,,,,,,1205,0,70,0,0,0,0,0,0,0,0,0,10,2
动物狼灰C,狼,wolf_c,6,3,30,10.5,6,2,10.8,4,,,,,,0,0,0,0,0,0,0,0,0,0,0,0,128,32,80,20,24,12,248,,,,,1,1,1003,3,1012,5,1021,3,1030,5,,,狼_抓,狼_扑,狼_连抓,,,,,,1205,0,70,0,0,0,0,0,0,0,0,0,10,2
动物狼灰D,狼,wolf_d,6,3,30,10.5,6,2,10.8,4,,,,,,0,0,0,0,0,0,0,0,0,0,0,0,128,32,80,20,24,12,248,,,,,1,1,1003,3,1012,5,1021,3,1030,5,,,狼_抓,狼_扑,,,,,,,1205,0,70,0,0,0,0,0,0,0,0,0,10,2
动物狼灰E,狼,wolf_e,6,3,30,10.5,6,2,10.8,4,,,,,,0,0,0,0,0,0,0,0,0,0,0,0,128,32,80,20,24,12,248,,,,,1,1,1003,3,1012,5,1021,3,1030,5,,,狼_抓,狼_扑,狼_冲,,,,,,1205,0,70,0,0,0,0,0,0,0,0,0,10,2
动物狼灰F,狼,wolf_f,6,3,30,10.5,6,2,10.8,4,,,,,,0,0,0,0,0,0,0,0,0,0,0,0,128,32,80,20,24,12,248,,,,,1,1,1003,3,1012,5,1021,3,1030,5,,,狼_抓,狼_扑,狼_连抓,,,,,,1205,0,70,0,0,0,0,0,0,0,0,0,10,2
动物狼灰G,狼,wolf_g,6,3,30,10.5,6,2,10.8,4,,,,,,0,0,0,0,0,0,0,0,0,0,0,0,128,32,80,20,24,12,248,,,,,1,1,1003,3,1012,5,1021,3,1030,5,,,狼_抓,狼_扑,狼_连抓,,,,,,1205,0,70,0,0,0,0,0,0,0,0,0,10,2
动物狼灰H,狼,wolf_h,6,3,30,10.5,6,2,10.8,4,,,,,,0,0,0,0,0,0,0,0,0,0,0,0,128,32,80,20,24,12,248,,,,,1,1,1003,3,1012,5,1021,3,1030,5,,,狼_抓,狼_扑,狼_连抓,,,,,,1205,0,70,0,0,0,0,0,0,0,0,0,10,2
动物狼白A,白狼,whitewolf_a,6,3,60,21,0,0,0,0,3,6,2,10.8,4,0,0,0,0,0,0,0,0,10,10,-5,-5,128,32,80,20,68,34,249,,,,,1,1,1003,5,1012,10,1021,5,1030,10,,,白狼_抓,白狼_扑,白狼_叫,,,,,,1207,0,100,0,0,0,0,0,0,0,0,0,10,2
动物狼白B,白狼,whitewolf_b,6,3,60,21,0,0,0,0,3,6,2,10.8,4,0,0,0,0,0,0,0,0,10,10,-5,-5,128,32,80,20,68,34,249,,,,,1,1,1003,5,1012,10,1021,5,1030,10,,,白狼_抓,白狼_扑,白狼_叫,白狼_铜皮铁骨,,,,,1207,0,100,0,0,0,0,0,0,0,0,0,10,2
狼王,狼王,wolfking,6,3,400,140,0,0,0,0,3,6,2,10.8,4,0,0,0,0,0,0,0,0,10,10,-5,-5,128,32,80,20,68,34,249,,,,,5,5,1003,15,1012,30,1021,15,1030,40,,,白狼_抓,白狼_扑,白狼_叫,白狼_连抓,,,,,1214,0,200,0,0,50,50,50,50,50,100,50,,1
骨头狼,骨头狼,bonewolf,6,3,30,10.5,6,2,10.8,4,,,,,,0,0,0,0,0,0,0,0,0,0,0,0,128,32,80,20,24,12,248,,,,,1,1,1003,30,1012,5,1021,3,1030,5,,,狼_抓,狼_扑,,,,,,,1205,0,70,0,0,0,0,0,0,0,0,0,10,2
动物犬,狗,dog_b,6,3,30,10.5,6,2.4,9,3.6,,,,,,0,0,0,0,0,0,0,0,0,0,0,0,128,32,80,20,12,6,250,,,,,1,1,1001,15,1010,25,1019,15,1028,20,,,狗_咬,,,,,,,,1208,0,60,0,0,0,0,0,0,0,0,0,10,2
野狗,野狗,dog_wild,6,3,60,21,6,2.4,9,3.6,,,,,,0,0,0,0,0,0,0,0,0,0,0,0,128,32,80,20,12,6,250,,,,,1,1,1001,15,1010,25,1019,15,1028,20,,,狗_咬,,,,,,,,1213,0,60,0,0,0,0,0,0,0,0,0,,2
动物野猪小A,野猪,boar_a,6,3,40,14,0,0,0,0,5,6,2,10.8,4,0,0,0,0,-8,-8,16,16,0,0,0,0,100,25,60,15,42,21,259,,,,,1,1,1004,3,1013,5,1022,3,1031,10,,,野猪_咬,野猪_冲,,,,,,,1209,0,140,0,0,0,0,0,0,0,0,0,10,2
动物野猪小B,野猪,boar_b,6,3,40,14,0,0,0,0,5,6,2,10.8,4,0,0,0,0,-8,-8,16,16,0,0,0,0,100,25,60,15,42,21,329,,,,,1,1,1004,3,1013,5,1022,3,1031,10,,,野猪_咬,野猪_冲,,,,,,,1209,0,140,0,0,0,0,0,0,0,0,0,10,2
动物野猪小C,野猪,boar_c,6,3,40,14,0,0,0,0,5,6,2,10.8,4,0,0,0,0,-8,-8,16,16,0,0,0,0,100,25,60,15,42,21,259,,,,,1,1,1004,3,1013,5,1022,3,1031,10,,,野猪_咬,野猪_冲,,,,,,,1209,0,140,0,0,0,0,0,0,0,0,0,10,2
动物野猪小D,野猪,boar_d,6,3,40,14,0,0,0,0,5,6,2,10.8,4,0,0,0,0,-8,-8,16,16,0,0,0,0,100,25,60,15,42,21,329,,,,,1,1,1004,3,1013,5,1022,3,1031,10,,,野猪_咬,野猪_冲,,,,,,,1209,0,140,0,0,0,0,0,0,0,0,0,10,2
动物野猪大,大野猪,giantboar_b,6,3,80,28,0,0,0,0,5,9,3,12,5,0,0,0,0,-8,-8,16,16,0,0,0,0,100,25,60,15,100,50,272,,,,,1,1,1004,5,1013,10,1022,5,1031,20,,,野猪_咬,大野猪_冲,,,,,,,1210,0,160,0,0,0,0,0,0,0,0,0,,2
山魈诱敌,山魈,mandrill_zero,6,3,30,10.5,6,2.5,12,4,,,,,,0,0,0,0,0,0,0,0,0,0,0,0,160,40,80,20,30,15,362,,,,,1,1,51,5,,,,,,,,,山魈_扔石诱敌,山魈_扔桃,,,,,,,1211,0,90,0,0,0,0,0,0,0,0,0,,2
动物山魈A,山魈,mandrill_a,6,3,30,10.5,6,2.5,12,4,,,,,,0,0,0,0,0,0,0,0,0,0,0,0,160,40,80,20,30,15,267,,,,,1,1,51,5,,,,,,,,,山魈_跳,山魈_扔桃,,,,,,,1211,0,90,0,0,0,0,0,0,0,0,0,10,2
动物山魈B,山魈,mandrill_b,6,3,30,10.5,6,2.5,12,4,,,,,,0,0,0,0,0,0,0,0,0,0,0,0,160,40,80,20,30,15,267,,,,,1,1,51,5,,,,,,,,,山魈_火箭跳,山魈_跳,山魈_扔桃,,,,,,1211,0,90,0,0,0,0,0,0,0,0,0,10,2
动物山魈C,山魈,mandrill_c,6,3,30,10.5,6,2.5,12,4,,,,,,0,0,0,0,0,0,0,0,0,0,0,0,160,40,80,20,30,15,267,,,,,1,1,51,5,,,,,,,,,山魈_跳,山魈_扔石头,,,,,,,1211,0,90,0,0,0,0,0,0,0,0,0,10,2
动物山魈D,山魈,mandrill_d,6,3,30,10.5,6,2.5,12,4,,,,,,0,0,0,0,0,0,0,0,0,0,0,0,160,40,80,20,30,15,267,,,,,1,1,51,5,,,,,,,,,山魈_火箭跳,山魈_跳,山魈_扔石头,,,,,,1211,0,90,0,0,0,0,0,0,0,0,0,10,2
动物山魈E,山魈,mandrill_e,6,3,50,17.5,0,0,0,0,2,6,2.5,12,4,0,0,-5,-5,0,0,0,0,0,0,15,15,160,40,80,20,50,25,330,,,,,1,1,51,8,,,,,,,,,山魈_跳,山魈_扑,山魈_连击,,,,,,1211,0,120,0,0,0,0,0,0,0,0,0,10,2
动物山魈F,山魈,mandrill_f,6,3,50,17.5,0,0,0,0,2,6,2.5,12,4,0,0,-5,-5,0,0,0,0,0,0,15,15,160,40,80,20,50,25,331,,,,,1,1,51,8,,,,,,,,,山魈_火箭跳,山魈_跳,山魈_草木皆兵,,,,,,1211,0,120,0,0,0,0,0,0,0,0,0,10,2
动物大山魈,大山魈,mandrill_big,6,3,160,56,9.6,3.2,16.2,5.4,,,,,,0,0,0,0,0,0,0,0,0,0,0,0,160,40,80,20,100,50,332,,,,,3,3,51,30,,,,,,,,,山魈_火箭跳,山魈_跳,山魈_连扔桃,山魈_群体加速,山魈_叫,,,,1212,0,150,0,0,30,30,30,30,30,0,30,,2
山魈王,山魈王,mandrill_king,6,3,400,140,0,0,0,0,2,9,3.2,15,5.4,0,0,-5,-5,0,0,0,0,0,0,15,15,160,40,80,20,200,100,357,,,,,5,5,51,80,,,,,,,,,山魈_火箭跳,山魈_跳,山魈_大草木皆兵,山魈_群体加速,山魈_叫,,,,1212,0,200,0,0,50,50,50,50,50,0,50,,2
网络动物狗熊A,狗熊,bear_a,6,3,160,40,21.6,7.2,36,12,,,,,,16,6,0,0,0,0,0,0,0,0,0,0,60,15,40,10,60,0.12,25,,,,,1,1,1006,4,1015,8,1024,4,1033,12,,,狗熊_抓,狗熊_击退攻击,,,,,,,1201,0,180,0,30,0,0,0,0,0,0,0,10,2
网络动物狗熊B,狗熊,bear_b,6,3,160,40,21.6,7.2,36,12,,,,,,16,6,0,0,0,0,0,0,0,0,0,0,60,15,40,10,60,0.12,25,,,,,1,1,1006,4,1015,8,1024,4,1033,12,,,狗熊_抓,狗熊_吼,,,,,,,1201,0,180,0,30,0,0,0,0,0,0,0,10,2
网络动物狗熊C,狗熊,bear_c,6,3,160,40,0,0,0,0,1,18,6,30,10,16,6,0,0,20,20,0,0,-10,-10,0,0,60,15,40,10,60,0.12,323,,,,,1,1,1006,4,1015,8,1024,4,1033,12,,,狗熊_眩晕攻击,,,,,,,,1201,0,180,0,30,0,0,0,0,0,0,0,10,2
网络动物老虎小A,老虎,tiger_a,6,3,72,18,15,5,24,8,,,,,,16,6,0,0,0,0,0,0,0,0,0,0,128,32,80,20,30,0.06,39,,,,,1,1,1005,2,1014,4,1023,2,1032,6,,,老虎_抓,老虎_扑,,,,,,,1202,0,110,0,30,0,0,0,0,0,0,0,10,2
网络动物老虎小B,老虎,tiger_b,6,3,72,18,15,5,24,8,,,,,,16,6,0,0,0,0,0,0,0,0,0,0,128,32,80,20,30,0.06,39,,,,,1,1,1005,2,1014,4,1023,2,1032,6,,,老虎_抓,老虎_扑,老虎_冲,,,,,,1202,0,110,0,30,0,0,0,0,0,0,0,10,2
网络动物老虎小C,老虎,tiger_c,6,3,72,18,15,5,24,8,,,,,,16,6,0,0,0,0,0,0,0,0,0,0,128,32,80,20,30,0.06,39,,,,,1,1,1005,2,1014,4,1023,2,1032,6,,,老虎_抓,老虎_扑,老虎_冲,,,,,,1202,0,110,0,30,0,0,0,0,0,0,0,10,2
网络动物老虎小D,老虎,tiger_d,6,3,72,18,15,5,24,8,,,,,,16,6,0,0,0,0,0,0,0,0,0,0,128,32,80,20,30,0.06,39,,,,,1,1,1005,2,1014,4,1023,2,1032,6,,,老虎_抓,老虎_扑,,,,,,,1202,0,110,0,30,0,0,0,0,0,0,0,10,2
网络动物老虎大,大老虎,tiger_big,6,3,108,27,18,6,30,10,,,,,,16,6,0,0,0,0,0,0,0,0,0,0,128,32,80,20,45,0.09,327,,,,,1,1,1005,2,1014,4,1023,2,1032,6,,,老虎_抓,老虎_扑,老虎_冲,,,,,,1203,0,110,0,30,0,0,0,0,0,0,0,10,2
网络动物老虎白,白虎,tiger_white,6,3,144,36,18,6,30,10,,,,,,16,6,0,0,0,0,0,0,0,0,0,0,128,32,80,20,60,0.12,328,,,,,1,1,1005,2,1014,4,1023,2,1032,6,,,老虎_抓,白老虎_扑,,,,,,,1204,0,110,0,30,0,0,0,0,0,0,0,,2
网络动物狼灰A,狼,wolf_a,6,3,42,7,7.2,2.4,12.9,4.3,,,,,,16,6,0,0,0,0,0,0,0,0,0,0,128,32,80,20,15,0.03,248,,,,,1,1,1003,2,1012,4,1021,2,1030,6,,,狼_抓,狼_扑,,,,,,,1205,0,70,0,30,0,0,0,0,0,0,0,10,2
网络动物狼灰B,狼,wolf_b,6,3,42,7,7.2,2.4,12.9,4.3,,,,,,16,6,0,0,0,0,0,0,0,0,0,0,128,32,80,20,15,0.03,248,,,,,1,1,1003,2,1012,4,1021,2,1030,6,,,狼_抓,狼_扑,,,,,,,1205,0,70,0,30,0,0,0,0,0,0,0,10,2
网络动物狼灰C,狼,wolf_c,6,3,42,7,7.2,2.4,12.9,4.3,,,,,,16,6,0,0,0,0,0,0,0,0,0,0,128,32,80,20,15,0.03,248,,,,,1,1,1003,2,1012,4,1021,2,1030,6,,,狼_抓,狼_扑,,,,,,,1205,0,70,0,30,0,0,0,0,0,0,0,10,2
网络动物狼灰D,狼,wolf_d,6,3,42,7,7.2,2.4,12.9,4.3,,,,,,16,6,0,0,0,0,0,0,0,0,0,0,128,32,80,20,15,0.03,248,,,,,1,1,1003,2,1012,4,1021,2,1030,6,,,狼_抓,狼_扑,,,,,,,1205,0,70,0,30,0,0,0,0,0,0,0,10,2
网络动物狼灰E,狼,wolf_e,6,3,42,7,7.2,2.4,12.9,4.3,,,,,,16,6,0,0,0,0,0,0,0,0,0,0,128,32,80,20,15,0.03,248,,,,,1,1,1003,2,1012,4,1021,2,1030,6,,,狼_抓,狼_扑,,,,,,,1205,0,70,0,30,0,0,0,0,0,0,0,10,2
网络动物狼灰F,狼,wolf_f,6,3,42,7,7.2,2.4,12.9,4.3,,,,,,16,6,0,0,0,0,0,0,0,0,0,0,128,32,80,20,15,0.03,248,,,,,1,1,1003,2,1012,4,1021,2,1030,6,,,狼_抓,狼_扑,,,,,,,1205,0,70,0,30,0,0,0,0,0,0,0,10,2
网络动物狼白A,白狼,whitewolf_a,6,3,56,14,0,0,0,0,3,7.2,2.4,12.9,4.3,16,6,0,0,0,0,0,0,20,20,-10,-10,128,32,80,20,30,0.06,249,,,,,1,1,1003,4,1012,8,1021,4,1030,12,,,白狼_抓,白狼_扑,白狼_叫,,,,,,1207,0,100,0,30,0,0,0,0,0,0,0,10,2
网络动物狼白B,白狼,whitewolf_b,6,3,56,14,0,0,0,0,3,7.2,2.4,12.9,4.3,16,6,0,0,0,0,0,0,20,20,-10,-10,128,32,80,20,30,0.06,249,,,,,1,1,1003,4,1012,8,1021,4,1030,12,,,白狼_抓,白狼_扑,白狼_叫,白狼_铜皮铁骨,,,,,1207,0,100,0,30,0,0,0,0,0,0,0,10,2
网络骨头狼,骨头狼,bonewolf,6,3,42,7,7.2,2.4,12.9,4.3,,,,,,16,6,0,0,0,0,0,0,0,0,0,0,128,32,80,20,15,0.03,248,,,,,1,1,1003,25,1012,4,1021,2,1030,6,,,狼_抓,狼_扑,,,,,,,1205,0,70,0,30,0,0,0,0,0,0,0,10,2
网络动物野猪小A,野猪,boar_a,6,3,40,10,0,0,0,0,5,7.2,2.4,12.9,4.3,16,6,0,0,-10,-10,20,20,0,0,0,0,100,25,60,15,20,0.04,259,,,,,1,1,1004,2,1013,4,1022,2,1031,12,,,野猪_咬,野猪_冲,,,,,,,1209,0,140,0,30,0,0,0,0,0,0,0,10,2
网络动物野猪小B,野猪,boar_b,6,3,40,10,0,0,0,0,5,7.2,2.4,12.9,4.3,16,6,0,0,-10,-10,20,20,0,0,0,0,100,25,60,15,20,0.04,329,,,,,1,1,1004,2,1013,4,1022,2,1031,12,,,野猪_咬,野猪_冲,,,,,,,1209,0,140,0,30,0,0,0,0,0,0,0,10,2
网络动物野猪小C,野猪,boar_c,6,3,40,10,0,0,0,0,5,7.2,2.4,12.9,4.3,16,6,0,0,-10,-10,20,20,0,0,0,0,100,25,60,15,20,0.04,259,,,,,1,1,1004,2,1013,4,1022,2,1031,12,,,野猪_咬,野猪_冲,,,,,,,1209,0,140,0,30,0,0,0,0,0,0,0,10,2
网络动物野猪大,大野猪,giantboar_b,6,3,80,20,0,0,0,0,5,10.8,3.6,15,5,16,6,0,0,-10,-10,20,20,0,0,0,0,100,25,60,15,50,0.1,272,,,,,1,1,1004,4,1013,8,1022,4,1031,24,,,野猪_咬,大野猪_冲,,,,,,,1210,0,160,0,30,0,0,0,0,0,0,0,,2
网络动物山魈A,山魈,mandrill_a,6,3,42,7,7.2,2.4,14.4,4.8,,,,,,16,6,0,0,0,0,0,0,0,0,0,0,160,40,80,20,20,0.04,267,,,,,1,1,51,8,,,,,,,,,山魈_跳,山魈_扔桃,,,,,,,1211,0,90,0,30,0,0,0,0,0,0,0,10,2
网络动物山魈B,山魈,mandrill_b,6,3,42,7,7.2,2.4,14.4,4.8,,,,,,16,6,0,0,0,0,0,0,0,0,0,0,160,40,80,20,20,0.04,267,,,,,1,1,51,8,,,,,,,,,山魈_火箭跳,山魈_跳,山魈_扔桃,,,,,,1211,0,90,0,30,0,0,0,0,0,0,0,10,2
网络动物山魈C,山魈,mandrill_c,6,3,42,7,7.2,2.4,14.4,4.8,,,,,,16,6,0,0,0,0,0,0,0,0,0,0,160,40,80,20,20,0.04,267,,,,,1,1,51,8,,,,,,,,,山魈_跳,山魈_扔石头,,,,,,,1211,0,90,0,30,0,0,0,0,0,0,0,10,2
网络动物山魈D,山魈,mandrill_d,6,3,42,7,7.2,2.4,14.4,4.8,,,,,,16,6,0,0,0,0,0,0,0,0,0,0,160,40,80,20,20,0.04,267,,,,,1,1,51,8,,,,,,,,,山魈_火箭跳,山魈_跳,山魈_扔石头,,,,,,1211,0,90,0,30,0,0,0,0,0,0,0,10,2
网络动物山魈E,山魈,mandrill_e,6,3,60,10,0,0,0,0,2,7.2,2.4,14.4,4.8,16,6,-10,-10,0,0,0,0,0,0,20,20,160,40,80,20,30,0.06,330,,,,,1,1,51,12,,,,,,,,,山魈_跳,山魈_扑,山魈_连击,,,,,,1211,0,120,0,30,0,0,0,0,0,0,0,10,2
网络动物山魈F,山魈,mandrill_f,6,3,60,10,0,0,0,0,2,7.2,2.4,14.4,4.8,16,6,-10,-10,0,0,0,0,0,0,20,20,160,40,80,20,30,0.06,331,,,,,1,1,51,12,,,,,,,,,山魈_火箭跳,山魈_跳,山魈_草木皆兵,,,,,,1211,0,120,0,30,0,0,0,0,0,0,0,10,2
网络动物大山魈,大山魈,mandrill_big,6,3,240,40,10.8,3.6,18,6,,,,,,16,6,0,0,0,0,0,0,0,0,0,0,160,40,80,20,75,0.15,332,,,,,1,2,51,100,,,,,,,,,山魈_火箭跳,山魈_跳,山魈_连扔桃,山魈_群体加速,山魈_叫,,,,1212,0,150,0,30,30,30,30,30,30,0,30,,2
店小二,店小二,dianxiaoer,,,,,,,,,,,,,,,,,,,,,,,,,,,,,,,,86,,,,,,,,,,,,,,,,,,,,,,,,,1501,,,,,,,,,,,,,
商贾,商贾,shanggu,,,,,,,,,,,,,,,,,,,,,,,,,,,,,,,,,,,,,,,,,,,,,,,,,,,,,,,,,1501,,,,,,,,,,,,,
女掌柜,女掌柜,nuzhanggui,,,,,,,,,,,,,,,,,,,,,,,,,,,,,,,,,,,,,,,,,,,,,,,,,,,,,,,,,1501,,,,,,,,,,,,,
商贩,商贩,shangfan,,,,,,,,,,,,,,,,,,,,,,,,,,,,,,,,23,,,,,,,,,,,,,,,,,,,,,,,,,1501,,,,,,,,,,,,,
铁匠,铁匠,tiejiang,,,,,,,,,,,,,,,,,,,,,,,,,,,,,,,,41,,,,,,,,,,,,,,,,,,,,,,,,,1501,,,,,,,,,,,,,
郎中,郎中,langzhong,,,,,,,,,,,,,,,,,,,,,,,,,,,,,,,,,,,,,,,,,,,,,,,,,,,,,,,,,1501,,,,,,,,,,,,,
神仙,神仙,shenxian,,,,,,,,,,,,,,,,,,,,,,,,,,,,,,,,145,,,,,,,,,,,,,,,,,,,,,,,,,1501,,,,,,,,,,,,,
摊贩,摊贩,tanfan,,,,,,,,,,,,,,,,,,,,,,,,,,,,,,,,162,,,,,,,,,,,,,,,,,,,,,,,,,1501,,,,,,,,,,,,,
老板,老板,laoban,,,,,,,,,,,,,,,,,,,,,,,,,,,,,,,,7,197,198,201,202,,,,,,,,,,,,,,,,,,,,,1501,,,,,,,,,,,,,
老翁,老翁,laoweng,,,,,,,,,,,,,,,,,,,,,,,,,,,,,,,,10,42,43,44,45,,,,,,,,,,,,,,,,,,,,,1501,,,,,,,,,,,,,
老妪,老妪,laoyu,,,,,,,,,,,,,,,,,,,,,,,,,,,,,,,,22,,,,,,,,,,,,,,,,,,,,,,,,,1501,,,,,,,,,,,,,
中年男子,中年男子,zhongniannanzi,,,,,,,,,,,,,,,,,,,,,,,,,,,,,,,,146,147,148,149,150,,,,,,,,,,,,,,,,,,,,,1501,,,,,,,,,,,,,
中年女子,中年女子,zhongniannuzi,,,,,,,,,,,,,,,,,,,,,,,,,,,,,,,,51,218,219,220,221,,,,,,,,,,,,,,,,,,,,,1501,,,,,,,,,,,,,
青年男子,青年男子,qingniannanzi,,,,,,,,,,,,,,,,,,,,,,,,,,,,,,,,227,228,229,230,231,,,,,,,,,,,,,,,,,,,,,1501,,,,,,,,,,,,,
青年女子,青年女子,qingniannuzi,,,,,,,,,,,,,,,,,,,,,,,,,,,,,,,,11,,,,,,,,,,,,,,,,,,,,,,,,,1501,,,,,,,,,,,,,
男童,男童,nantong,,,,,,,,,,,,,,,,,,,,,,,,,,,,,,,,12,13,14,15,,,,,,,,,,,,,,,,,,,,,,1501,,,,,,,,,,,,,
女童,女童,nutong,,,,,,,,,,,,,,,,,,,,,,,,,,,,,,,,83,,,,,,,,,,,,,,,,,,,,,,,,,1501,,,,,,,,,,,,,
美女,美女,meinu,,,,,,,,,,,,,,,,,,,,,,,,,,,,,,,,236,237,238,239,240,,,,,,,,,,,,,,,,,,,,,1501,,,,,,,,,,,,,
死人,死人,siren,,,,,,,,,,,,,,,,,,,,,,,,,,,,,,,,,,,,,,,,,,,,,,,,,,,,,,,,,1501,,,,,,,,,,,,,
酒鬼,酒鬼,jiugui,,,,,,,,,,,,,,,,,,,,,,,,,,,,,,,,251,252,253,254,255,,,,,,,,,,,,,,,,,,,,,1501,,,,,,,,,,,,,
犯人,犯人,fanren,,,,,,,,,,,,,,,,,,,,,,,,,,,,,,,,,,,,,,,,,,,,,,,,,,,,,,,,,1501,,,,,,,,,,,,,
病人,病人,bingren,,,,,,,,,,,,,,,,,,,,,,,,,,,,,,,,17,,,,,,,,,,,,,,,,,,,,,,,,,1501,,,,,,,,,,,,,
睡觉者,睡觉者,shuijiaozhe,,,,,,,,,,,,,,,,,,,,,,,,,,,,,,,,163,144,,,,,,,,,,,,,,,,,,,,,,,,1501,,,,,,,,,,,,,
书生,书生,shusheng,,,,,,,,,,,,,,,,,,,,,,,,,,,,,,,,85,,,,,,,,,,,,,,,,,,,,,,,,,1501,,,,,,,,,,,,,
桓峰,桓峰,huanfeng,6,3,400,140,18,7.5,27,10,,,,,,0,0,0,0,0,0,0,0,0,0,0,0,128,32,100,25,240,120,26,,,,,1,1,,,,,,,,,,,桓峰_砍,桓峰_穿心一击,,,,,,,1352,0,180,0,0,50,50,50,50,50,50,50,,1
大樵夫,大樵夫,bigqiaofu,6,10,120,42,4.5,1.5,6,2,,,,,,0,0,0,0,0,0,0,0,0,0,0,0,100,25,64,16,20,10,8,,,,,1,1,,,,,,,,,,,樵夫_攻击1,樵夫_攻击2,,,,,,,1301,0,200,0,0,0,0,0,0,0,0,0,,1
大猎户,大猎户,bigliehu,6,10,180,63,4.5,1.5,6,2,,,,,,0,0,0,0,0,0,0,0,0,0,0,0,100,25,64,16,24,12,24,,,,,1,1,,,,,,,,,,,猎户_攻击1,猎户_攻击2,,,,,,,1302,0,200,0,0,0,0,0,0,0,0,0,,1
严屠夫,严屠夫,butcher_yan,6,12,320,112,15,6.7,24,8,,,,,,0,0,0,0,0,0,0,0,0,0,0,0,100,25,64,16,30,15,61,,,,,1,1,,,,,,,,,,,屠夫刀_切菜,,,,,,,,1303,0,200,0,0,75,75,75,75,75,75,75,,1
超级恶霸,超级恶霸,eba_super,6,24,320,112,15,6.7,24,8,,,,,,0,0,0,0,0,0,0,0,0,0,0,0,100,25,64,16,24,12,89,,,,,3,3,0,100,,,,,,,,,旧人恶霸_穿心一击,旧人恶霸_放狗,,,,,,,1310,0,200,0,0,75,75,75,75,75,75,75,,1
张三,张三,zhang3,喽罗剑,3,320,112,20,7.5,36,10,,,,,,0,0,0,0,0,0,0,0,0,0,0,0,128,32,100,25,20,10,1,,,,,2,2,60,100,,,,,,,,,山贼流寇_攻击,山贼流寇_穿心一击,,,,,,,1101,0,200,0,0,75,75,75,75,75,75,75,,2
无赖,无赖,wulai,打手,5,200,70,20,6.7,24,8,,,,,,0,0,0,0,0,0,0,0,0,0,0,0,100,25,64,16,20,10,9,,,,,2,2,60,100,,,,,,,,,打手_无赖攻击1,打手_无赖攻击2,,,,,,,1304,0,200,0,0,75,75,75,75,75,75,75,,1
黄七,黄七,huangqi,打手,5,320,112,20,6.7,24,8,,,,,,0,0,0,0,0,0,0,0,0,0,0,0,100,25,64,16,20,10,9,,,,,2,2,60,100,,,,,,,,,打手_无赖攻击1,打手_无赖攻击2,,,,,,,1304,0,200,0,0,75,75,75,75,75,75,75,,1
大锤艺人,大锤艺人,hammerer,大锤,22,400,140,0,0,0,0,1,20,6,36,10,0,0,0,0,0,0,0,0,0,0,0,0,100,25,64,16,50,25,81,,,,,1,1,24,100,,,,,,,,,大壮_攻击1,大壮_攻击2,大壮_超级攻击,,,,,,1307,0,200,0,0,75,75,75,75,75,75,75,,1
丰县老大,丰县老大,fengxian_boss,大锤,22,400,140,0,0,0,0,1,20,6,36,10,0,0,0,0,0,0,0,0,0,0,0,0,100,25,64,16,50,25,81,,,,,1,1,24,100,,,,,,,,,大壮_攻击1,大壮_攻击2,大壮_超级攻击,,,,,,1307,0,200,0,0,75,75,75,75,75,75,75,,1
混混,混混,hunhun,板斧贼,22,400,140,20,6,36,10,,,,,,0,0,0,0,0,0,0,0,0,0,0,0,128,32,100,25,150,75,181,182,,,,2,2,999,100,,,,,,,,,山贼头目斧_攻击,山贼头目_喊人,山贼头目_群体加速,,,,,,1102,0,200,0,0,75,75,75,75,75,75,75,,1
钱四,钱四,qiansi,板斧贼,24,400,140,20,6,36,10,,,,,,0,0,0,0,0,0,0,0,0,0,0,0,128,32,100,25,150,75,181,182,,,,2,2,999,100,,,,,,,,,山贼头目斧_攻击,山贼头目_喊人,山贼头目_御气之术,,,,,,1102,0,200,0,0,75,75,75,75,75,75,75,,1
马三,马三,masan,义军锤,10,400,140,20,6,36,10,,,,,,0,0,0,0,0,0,0,0,0,0,0,0,128,32,100,25,100,50,273,,,,,2,2,999,100,,,,,,,,,义军将领_攻击,义军将领_连击,义军将领_群体防御,义军将领_喊人,,,,,1052,0,200,0,0,75,75,75,75,75,75,75,,1
宛城强盗,宛城强盗,qiangdao,义军锤,10,400,140,20,6,36,10,,,,,,0,0,0,0,0,0,0,0,0,0,0,0,128,32,100,25,100,50,273,,,,,2,2,999,100,,,,,,,,,义军将领_攻击,义军将领_连击,义军将领_群体防御,义军将领_喊人,,,,,1052,0,200,0,0,75,75,75,75,75,75,75,,1
庄贾,庄贾,zhuangjia,山贼大王,18,400,140,20,6,36,10,,,,,,0,0,0,0,0,0,0,0,0,0,0,0,128,32,100,25,150,75,348,349,350,,,3,3,999,100,,,,,,,,,山贼大王_攻击,山贼大王_飞剑,山贼大王_加速,,,,,,1103,0,200,0,0,75,75,75,75,75,75,75,,1
胡刀,胡刀,hudao,山贼大王,18,400,140,0,0,0,0,1,20,6,36,10,0,0,0,0,12,12,0,0,-4,-4,0,0,128,32,100,25,150,75,348,349,350,,,3,3,999,100,,,,,,,,,山贼大王_必要攻击,山贼大王_固守金汤,山贼大王_气冲地面,,,,,,1103,0,200,0,0,75,75,75,75,75,75,75,,1
长沙虎,长沙虎,tiger_changsha,大老虎,25,320,112,18,6,27,9,,,,,,0,0,0,0,0,0,0,0,0,0,0,0,160,40,80,20,120,60,327,,,,,1,1,,,,,,,,,,,老虎_抓,老虎_扑,老虎_冲,,,,,,1203,0,200,0,0,75,75,75,75,75,75,75,10,3
陈铭虎,陈铭虎,tiger_chenming,大老虎,25,320,112,18,6,27,9,,,,,,0,0,0,0,0,0,0,0,0,0,0,0,160,40,80,20,120,60,327,,,,,1,1,,,,,,,,,,,老虎_陈铭攻击,老虎_陈铭扑,,,,,,,1203,0,200,0,0,75,75,75,75,75,75,75,10,3
宋季,宋季,songji,秦法师,3,210,140,0,0,0,0,3,18,6,27,9,0,0,0,0,0,0,0,0,20,20,-10,-10,160,40,80,20,300,150,195,,,,,1,1,101,20,100,5,51,10,60,30,203,5,秦军法师_凌空虚渡,秦军法师_寒冰飞菱,秦军法师_长空冰暴,秦军法师_天地混沌,,,,,1005,0,200,0,0,75,75,75,75,75,75,75,,1
雍齿,雍齿,yongchi,秦大将,3,400,140,0,0,0,0,3,15,5,21,7,10,5,0,0,0,0,0,0,20,20,-10,-10,100,25,80,20,240,120,281,,,,,3,5,999,80,,,,,,,,,秦军大将_溃散攻击,秦军大将_喊人,秦军大将_御气之术,秦军大将_霸道无双,,,,,1003,0,200,0,0,75,75,75,75,75,75,75,,1
韩吉,韩吉,hanji,秦重剑,3,400,140,18,6,27,9,,,,,,16,8,0,0,0,0,0,0,0,0,0,0,100,25,80,20,180,90,36,,,,,2,2,999,100,,,,,,,,,秦兵重剑_砍,秦兵重剑_刺,秦兵重剑_喊人,秦兵重剑_疾风扫落叶,,,,,1002,0,160,0,0,75,75,75,75,75,75,75,,1
赵成,赵成,official_of_qin,秦官员,3,600,210,0,0,0,0,1,18,6,27,9,0,0,5,5,15,15,5,5,-5,-5,5,5,100,25,80,20,40,20,270,,,,,3,3,999,100,,,,,,,,,秦军官员_飞剑,秦军官员_大飞剑,,,,,,,1004,0,200,0,0,75,75,75,75,75,75,75,,1
超级朱厌,超级朱厌,zhuyan_super,6,3,1000,350,0,0,0,0,5,18,6,24,8,20,10,0,0,-10,-10,15,15,0,0,0,0,100,25,64,16,600,300,38,,,,,1,1,1008,25,1017,25,1026,25,1035,25,,,朱厌_攻击,朱厌_血舞狂风,朱厌_加速度,朱厌_神来之石,朱厌_超级滚石,,,,1257,0,250,200,0,75,75,75,75,75,75,75,,0
韩信,韩信,hanxin,1v1,3,240,84,9,3,18,6,,,,,,0,0,0,0,0,0,0,0,0,0,0,0,112,28,88,22,90,45,386,,,,,2,4,,,,,,,,,,,百姓游侠_斩棘披荆,百姓游侠_旋风急雨,百姓游侠_怒斩问天,,,,,,1356,0,180,0,0,0,0,0,0,0,0,0,,2
冒顿,冒顿,maodun,team,3,120,42,3,1,6,2,,,,,,0,0,0,0,0,0,0,0,0,0,0,0,80,20,52,13,90,45,381,,,,,2,4,,,,,,,,,,,百姓力士_虎爪狼牙,,,,,,,,1355,0,180,0,0,0,0,0,0,0,0,0,,2
黥布,黥布,qingbu,team,3,120,42,0,0,0,0,4,3,1,6,2,0,0,16,16,0,0,-8,-8,0,0,0,0,80,20,52,13,90,45,382,,,,,2,4,,,,,,,,,,,百姓力士_虎爪狼牙,百姓力士_举火燎原,,,,,,,1355,0,180,0,0,0,0,0,0,0,0,0,,2
赵茜,赵茜,zhaoqian,team,3,120,42,3,1,6,2,,,,,,0,0,0,0,0,0,0,0,0,0,0,0,160,40,120,30,90,45,383,,,,,2,4,,,,,,,,,,,百姓刺客_流星箭影,百姓刺客_连珠快箭,,,,,,,1358,0,180,0,0,0,0,0,0,0,0,0,,2
荆无忌,荆无忌,jingwuji,1v1,3,120,42,0,0,0,0,2,6,2,12,4,0,0,-8,-8,0,0,0,0,0,0,16,16,160,40,120,30,90,45,384,,,,,2,4,,,,,,,,,,,百姓刺客_流星箭影,百姓刺客_噬骨之毒,,,,,,,1358,0,180,0,0,0,0,0,0,0,0,0,,2
田玥琳,田玥琳,tianyuelin,1v1,3,160,56,7.5,2.5,12,4,,,,,,0,0,0,0,0,0,0,0,0,0,0,0,160,40,120,30,90,45,385,,,,,2,4,,,,,,,,,,,百姓刺客_追魂疾刺,百姓刺客_乾坤挪移,百姓刺客_迅雷穿闪,,,,,,1358,0,180,0,0,0,0,0,0,0,0,0,,2
张良,张良,zhangliang,team,3,160,56,0,0,0,0,5,3,1,6,2,0,0,0,0,-8,-8,16,16,0,0,0,0,120,30,60,15,90,45,388,,,,,2,4,,,,,,,,,,,百姓术士_飞沙走石,,,,,,,,1359,0,180,0,0,0,0,0,0,0,0,0,,2
昆蒲,昆蒲,kunpu,team/1vN,3,200,70,0,0,0,0,3,3,1,6,2,0,0,0,0,0,0,0,0,16,16,-8,-8,120,30,60,15,90,45,389,,,,,2,4,,,,,,,,,,,百姓术士_寒冰飞菱,百姓术士_玄冰真气,,,,,,,1359,0,180,0,0,0,0,0,0,0,0,0,,2
方仲,方仲,fangzhong,team,3,120,42,0,0,0,0,1,3,1,6,2,0,0,0,0,16,16,0,0,-8,-8,0,0,120,30,60,15,90,45,390,,,,,2,4,,,,,,,,,,,百姓术士_剑气冲天,百姓术士_银蛇狂舞,,,,,,,1359,0,180,0,0,0,0,0,0,0,0,0,,2
茵珠,茵珠,yinzhu,1vN,3,400,140,15,5,24,8,,,,,,0,0,0,0,0,0,0,0,0,0,0,0,120,30,60,15,90,45,392,,,,,2,4,,,,,,,,,,,百姓巫师_金蚕恶噬,百姓巫师_不堪一击,百姓巫师_百虫噬体,,,,,,1359,0,180,0,0,0,0,0,0,0,0,0,,2
采花贼,采花贼,caihuazei,6,3,400,140,15,5,24,8,,,,,,0,0,0,0,0,0,0,0,0,0,0,0,120,30,90,22,100,50,287,,,,,2,4,60,100,,,,,,,,,采花贼_斩棘披荆,采花贼_电闪雷鸣,,,,,,,1353,0,180,0,0,0,0,0,0,0,0,0,,2
吴心,吴心,wuxin,6,3,500,175,0,0,0,0,3,9,3,18,6,0,0,0,0,0,0,0,0,16,16,-8,-8,120,30,90,22,90,45,442,,,,,2,4,,,,,,,,,,,百姓游侠_吴心攻击,百姓游侠_吴心旋,,,,,,,1356,0,180,0,0,0,0,0,0,0,0,0,,2
百姓游侠,游侠,youxia,6,3,240,84,9,3,18,6,,,,,,0,0,0,0,0,0,0,0,0,0,0,0,120,30,90,22,90,45,441,,,,,2,4,,,,,,,,,,,百姓游侠_斩棘披荆,百姓游侠_穿心一击,,,,,,,1356,0,180,0,0,0,0,0,0,0,0,0,,2
百姓力士,力士,lishi,6,3,300,105,6,1,18,3,,,,,,0,0,0,0,0,0,0,0,0,0,0,0,80,20,52,13,90,45,206,,,,,2,4,,,,,,,,,,,百姓力士_虎爪狼牙,,,,,,,,1357,0,180,0,0,0,0,0,0,0,0,0,,2
百姓刺客,刺客,cike,6,3,120,42,9,3,18,6,,,,,,0,0,0,0,0,0,0,0,0,0,0,0,200,50,120,30,90,45,443,,,,,2,4,,,,,,,,,,,百姓刺客_追魂疾刺,,,,,,,,1358,0,180,0,0,0,0,0,0,0,0,0,,2
百姓术士,术士,shushi,6,3,400,140,0,0,0,0,3,15,5,30,10,0,0,0,0,0,0,0,0,16,16,-8,-8,120,30,60,15,90,45,208,,,,,2,4,,,,,,,,,,,百姓术士_飞沙走石,,,,,,,,1359,0,180,0,0,0,0,0,0,0,0,0,,2
百姓巫师,巫师,wushi,6,3,120,42,0,0,0,0,2,9,3,18,6,0,0,-8,-8,0,0,0,0,0,0,16,16,120,30,60,15,90,45,209,,,,,2,4,,,,,,,,,,,百姓巫师_金蚕恶噬,,,,,,,,1360,0,180,0,0,0,0,0,0,0,0,0,,2
黑暗扶苏,黑暗扶苏,darkfusu,6,3,500,175,18,6,27,9,,,,,,0,0,0,0,0,0,0,0,0,0,0,0,112,28,88,22,90,45,361,,,,,2,4,,,,,,,,,,,百姓游侠_黑斩棘披荆,百姓游侠_黑旋风急雨,,,,,,,1356,0,200,0,0,100,100,100,100,100,100,100,,2
炎江,炎江,yanjiang,6,3,400,140,0,0,0,0,5,12,4,18,6,0,0,3,3,-4,-4,10,10,3,3,3,3,120,30,88,22,240,120,444,,,,,2,4,,,,,,,,,,,百姓术士_飞沙走石,,,,,,,,1354,0,180,0,0,75,75,75,75,75,75,75,,0
宗妲,宗妲,zongda,6,3,400,140,0,0,0,0,3,12,4,18,6,0,0,3,3,3,3,3,3,10,10,-4,-4,120,30,88,22,240,120,346,,,,,2,4,,,,,,,,,,,宗妲_攻击,宗妲_凌空虚渡,宗妲_黑气冲天,宗妲_吸魔法,,,,,1354,0,180,0,0,75,75,75,75,75,75,75,,0
机器兽,机器兽,jiqishou,6,3,2400,600,15,5,30,10,,,,,,0,0,0,0,0,0,0,0,0,0,0,0,100,25,30,7.5,600,300,278,,,,,,,,,,,,,,,,,机器兽_普通攻击,机器兽_面积攻击,机器兽_扇形攻击,机器兽_连珠快箭,机器兽_面积火,机器兽_炮弹,,,1360,0,250,0,0,100,100,100,100,100,100,100,,0
卢生,卢生,lusheng,6,3,400,140,0,0,0,0,5,12,4,18,6,0,0,0,0,-10,-10,20,20,0,0,0,0,200,50,100,25,400,200,358,,,,,1,1,203,100,,,,,,,,,卢生_龙卷风,卢生_大神来之石,卢生_地遁,卢生_反戈一击,,,,,1360,0,250,0,0,75,75,75,75,75,75,75,,0
赵高A,赵高,zhaogao,6,3,800,240,15,6,27,12,,,,,,20,10,0,0,0,0,0,0,0,0,0,0,200,50,100,25,600,300,359,,,,,2,4,,,,,,,,,,,赵高_砍,赵高_召唤咆哮 ,赵高_刺,赵高_加速度,赵高_加攻击,赵高_横扫千军,赵高_天外飞仙,,1360,0,250,0,0,100,100,100,100,100,100,100,,0
赵高B,赵高,zhaogao,6,3,1200,360,15,6,27,12,,,,,,0,0,0,0,0,0,0,0,0,0,0,0,200,50,100,25,1000,500,365,,,,,2,4,,,,,,,,,,,赵高_必要攻击1,赵高_召唤朱厌,赵高_地遁,赵高_头阵,赵高_超级人头弹,赵高_紧身咒,赵高_鬼手,赵高_变身1,1360,0,250,0,0,100,100,100,100,100,100,100,,0
赵高C,赵高,zhaogao,6,3,1600,480,0,0,0,0,4,15,5,27,9,0,0,20,20,0,0,-10,-10,0,0,0,0,200,50,100,25,1400,700,363,,,,,2,4,,,,,,,,,,,赵高_变身2,赵高_召唤善翼,赵高_天遁,赵高_加血,赵高_大爆炸,赵高_超级诅咒,赵高_大火龙,赵高_火焰扫射,1360,0,250,0,0,100,100,100,100,100,100,100,,0
BOSS秦将A,秦将,boss_general_a,lv6,,600,150,14.4,4.8,21.6,7.2,,,,,,16,6,0,0,0,0,0,0,0,0,0,0,72,24,48,16,140,0.7,280,,,,,2,3,999,80,60,10,51,5,0,0.5,2,1,秦军大将_砍,秦军大将_喊人,秦军大将_雷霆万钧,秦军大将_横扫千军,秦军大将_劈,,,,1003,0,180,0,30,50,50,50,50,50,50,50,,0
BOSS秦将B,秦将,boss_general_b,lv35,,800,200,0,0,0,0,3,12,4,18,6,16,6,0,0,0,0,0,0,20,20,-10,-10,72,24,48,16,140,0.7,281,,,,,2,3,999,80,60,10,51,5,0,0.5,1,0.7,秦军大将_水攻击,秦军大将_喊人,秦军大将_御气之术,秦军大将_霸道无双,,,,,1003,0,180,0,30,75,75,75,75,75,75,75,,0
BOSS秦将C,秦将,boss_general_c,lv36,,800,200,0,0,0,0,5,12,4,18,6,16,6,0,0,-10,-10,20,20,0,0,0,0,72,24,48,16,140,0.7,281,,,,,2,3,999,80,60,10,51,5,0,0.5,1,0.7,秦军大将_土攻击,秦军大将_喊人,秦军大将_御气之术,秦军大将_真霸道无双,,,,,1003,0,180,0,30,75,75,75,75,75,75,75,,0
BOSS秦将D,秦将,boss_general_d,lv45,,800,200,0,0,0,0,1,12,4,18,6,16,6,0,0,20,20,0,0,-10,-10,0,0,72,24,48,16,140,0.7,280,,,,,2,3,999,80,60,10,51,5,0,0.5,1,0.7,秦军大将_金攻击,秦军大将_喊人,秦军大将_移行换影,秦军大将_真穿心一击,秦军大将_玩偶杀机,,,,1003,0,180,0,30,75,75,75,75,75,75,75,,0
BOSS秦将E,秦将,boss_general_e,lv45,,800,200,0,0,0,0,2,12,4,18,6,16,6,-10,-10,0,0,0,0,0,0,20,20,72,24,48,16,140,0.7,283,,,,,2,3,999,80,60,10,51,5,0,0.5,1,0.7,秦军大将_木攻击,秦军大将_喊人,秦军大将_移行换影,秦军大将_真疾风扫落叶,秦军大将_大旋风,,,,1003,0,180,0,30,75,75,75,75,75,75,75,,0
BOSS秦将F,秦将,boss_general_f,lv40,,800,200,0,0,0,0,4,12,4,18,6,16,6,20,20,0,0,-10,-10,0,0,0,0,72,24,48,16,140,0.7,282,,,,,2,3,999,80,60,10,51,5,0,0.5,1,0.7,秦军大将_火攻击,秦军大将_喊人,秦军大将_移行换影,秦军大将_最终举火燎原,秦军大将_流星,,,,1003,0,180,0,30,75,75,75,75,75,75,75,,0
BOSS狼王,狼王,boss_wolfking,lv10,3,600,150,0,0,0,0,3,10.8,3.6,18,6,16,6,0,0,0,0,0,0,20,20,-10,-10,128,32,80,20,160,0.8,249,,,,,3,4,1003,15,1012,30,1021,15,1030,40,,,白狼_抓,狼王_加速,狼王_穿心一击,白狼_连抓,,,,,1214,0,200,0,30,50,50,50,50,50,100,50,,0
BOSS野猪王,大野猪,boss_boarking,6,3,800,200,0,0,0,0,5,12,4,18,6,16,6,0,0,-10,-10,20,20,0,0,0,0,150,25,90,15,180,0.9,272,,,,,1,1,1004,4,1013,8,1022,4,1031,24,,,野猪_咬,大野猪_冲,,,,,,,1210,0,200,0,30,50,50,50,50,50,100,50,,0
BOSS山魈王,山魈王,boss_mandrillking,lv18,3,600,150,0,0,0,0,2,10.8,3.6,18,6,16,6,-10,-10,0,0,0,0,0,0,20,20,160,40,80,20,180,0.9,357,,,,,4,5,51,80,,,,,,,,,山魈_火箭跳,山魈_跳,山魈_大草木皆兵,山魈_群体加速,山魈_叫,,,,1212,0,200,0,30,50,50,50,50,50,50,50,,0
BOSS狍鸮王,狍鸮王,boss_paoxiao,6,3,800,200,0,0,0,0,4,18,6,24,8,16,6,0,0,0,0,0,0,0,0,0,0,100,25,76,19,160,0.8,16,,,,,3,4,1007,6,1016,12,1025,6,1034,20,,,狍鸮_火攻击,狍鸮_火撞,狍鸮_混乱攻击,,,,,,1253,0,200,0,50,50,50,50,50,50,50,50,,0
BOSS左贤王,匈奴将领,boss_hunking,lv12,3,600,150,18,6,24,8,,,,,,16,6,0,0,0,0,0,0,0,0,0,0,112,28,56,14,180,0.9,354,,,,,3,4,999,90,51,10,,,,,,,匈奴将领_砍,匈奴将领_刺,匈奴将领_旋,匈奴将领_燃烧血刃,匈奴将领_喊人,,,,1152,0,220,0,30,50,50,50,50,50,100,30,,0
BOSS头曼,匈奴法师,boss_hunmage,lv12,3,800,200,18,6,24,8,,,,,,16,6,0,0,0,0,0,0,0,0,0,0,180,45,60,15,180,0.9,355,,,,,3,4,999,90,51,10,,,,,,,匈奴法师_大紧身咒,匈奴法师_人头弹,匈奴法师_超级人头弹,匈奴法师_召唤,匈奴法师_头阵,,,,1153,0,180,0,30,50,50,50,50,50,50,50,,0
BOSS宋季,宋季,boss_songji,lv16,3,1200,300,0,0,0,0,3,10,5,14,7,16,6,0,0,0,0,0,0,20,20,-10,-10,160,40,80,20,200,1,195,,,,,3,4,999,100,,,,,,,,,秦军法师_凌空虚渡,秦军法师_寒冰飞菱,秦军法师_长空冰暴,秦军法师_减速度,,,,,1005,0,200,0,30,75,75,75,75,75,75,75,,0
BOSS山贼大王A,山贼大王,boss_king_a,lv24,3,800,200,12.9,4.3,23.4,7.8,,,,,,16,6,0,0,0,0,0,0,0,0,0,0,96,24,76,19,200,1,348,349,350,,,2,3,999,75,60,20,51,5,,,,,山贼大王_大飞剑,山贼大王_喊人,山贼大王_加速,山贼大王_穿心一击,,,,,1103,0,180,0,30,50,50,50,50,50,100,50,,0
BOSS山贼大王B,山贼大王,boss_king_b,lv32,3,800,200,12.9,4.3,23.4,7.8,,,,,,16,6,0,0,0,0,0,0,0,0,0,0,96,24,76,19,200,1,348,349,350,,,2,3,999,75,60,20,51,5,,,,,山贼大王_攻击,山贼大王_喊人,山贼大王_亡命搏杀,山贼大王_POWERUP,,,,,1103,0,180,0,30,50,50,50,50,50,100,50,,0
BOSS胡刀A,胡刀,boss_hudao_a,lv30,3,800,200,0,0,0,0,1,12,6,20,10,16,6,0,0,20,20,0,0,-10,-10,0,0,128,32,100,25,200,1,348,349,350,,,3,4,999,100,,,,,,,,,山贼大王_必要攻击,山贼大王_固守金汤,山贼大王_气冲地面,,,,,,1103,0,200,0,30,75,75,75,75,75,75,75,,0
BOSS胡刀B,胡刀,boss_hudao_b,lv31,3,800,200,0,0,0,0,1,12,6,20,10,16,6,0,0,20,20,0,0,-10,-10,0,0,128,32,100,25,200,1,348,349,350,,,3,4,999,100,,,,,,,,,山贼大王_金攻击,山贼大王_变身,山贼大王_饿虎扑食,,,,,,1103,0,200,0,30,75,75,75,75,75,75,75,,0
BOSS赵高A,赵高,zhaogao,6,3,1600,400,12,6,24,10,,,,,,16,6,0,0,0,0,0,0,0,0,0,0,200,50,100,25,300,1.5,359,,,,,0,0,,,,,,,,,,,赵高_砍,赵高_召唤咆哮 ,赵高_刺,赵高_加速度,赵高_加攻击,赵高_横扫千军,赵高_天外飞仙,,1360,0,250,0,30,100,100,100,100,100,100,100,,0
BOSS赵高B,赵高,zhaogao,6,3,1600,400,12,6,24,10,,,,,,16,6,0,0,0,0,0,0,0,0,0,0,200,50,100,25,300,1.5,365,,,,,0,0,,,,,,,,,,,赵高_必要攻击1,赵高_召唤朱厌,赵高_地遁,赵高_头阵,赵高_超级人头弹,赵高_紧身咒,赵高_鬼手,赵高_变身1,1360,0,250,0,30,100,100,100,100,100,100,100,,0
BOSS赵高C,赵高,zhaogao,6,3,1600,400,0,0,0,0,4,10,5,18,9,16,6,20,20,0,0,-10,-10,0,0,0,0,200,50,100,25,300,1.5,363,,,,,3,4,999,100,,,,,,,,,赵高_变身2,赵高_召唤善翼,赵高_天遁,赵高_加血,赵高_大爆炸,赵高_超级诅咒,赵高_大火龙,赵高_火焰扫射,1360,0,250,0,30,100,100,100,100,100,100,100,,0
BOSS机器兽,机器兽,jiqishou,6,3,1280,320,15,3,30,6,,,,,,0,0,0,0,0,0,0,0,0,0,0,0,90,15,15,2.5,75,3,278,,,,,0,0,,,,,,,,,,,机器兽_炮弹,,,,,,,,1360,0,250,0,0,100,100,100,100,100,100,100,,0
BOSS山贼法师,卢生,lusheng,6,3,400,140,0,0,0,0,5,12,4,18,6,0,0,0,0,-10,-10,20,20,0,0,0,0,200,50,100,25,75,3,358,,,,,1,1,203,100,,,,,,,,,卢生_龙卷风,卢生_大神来之石,卢生_地遁,卢生_反戈一击,,,,,1360,0,250,0,0,75,75,75,75,75,75,75,,0
秦军士兵刀盾A,秦兵,soldier_blade_a,6,3,40,14,9,3.2,15,5.4,,,,,,0,0,0,0,0,0,0,0,0,0,0,0,80,20,56,14,24,12,18,19,,,,1,1,999,30,60,10,27,2,1,1,2,1,秦兵刀盾_砍,秦兵刀盾_刺,,,,,,,1001,0,100,0,0,0,0,0,0,0,0,0,,1
秦军士兵刀盾B,秦兵,soldier_blade_b,6,3,40,14,9,3.2,15,5.4,,,,,,0,0,0,0,0,0,0,0,0,0,0,0,80,20,56,14,24,12,21,92,,,,1,1,999,30,60,10,27,2,1,1,2,1,秦兵刀盾_砍,秦兵刀盾_刺,,,,,,,1001,0,100,0,0,0,0,0,0,0,0,0,,1
秦军士兵刀盾C,秦兵,soldier_blade_c,6,3,40,14,9,3.2,15,5.4,,,,,,0,0,0,0,0,0,0,0,0,0,0,0,80,20,56,14,24,12,20,,,,,1,1,999,30,60,10,27,2,1,1,2,1,秦兵刀盾_砍,秦兵刀盾_刺,,,,,,,1001,0,100,0,0,0,0,0,0,0,0,0,,1
秦军士兵刀盾D,秦兵,soldier_blade_d,6,3,40,14,9,3.2,15,5.4,,,,,,0,0,0,0,0,0,0,0,0,0,0,0,80,20,56,14,24,12,91,,,,,1,1,999,30,60,10,27,2,1,1,2,1,秦兵刀盾_砍,秦兵刀盾_刺,,,,,,,1001,0,100,0,0,0,0,0,0,0,0,0,,1
秦军士兵刀盾E,秦兵,soldier_blade_e,6,3,40,14,9,3.2,15,5.4,,,,,,0,0,0,0,0,0,0,0,0,0,0,0,80,20,56,14,24,12,93,,,,,1,1,999,30,60,10,27,2,1,1,2,1,秦兵刀盾_砍,秦兵刀盾_刺,,,,,,,1001,0,100,0,0,0,0,0,0,0,0,0,,1
秦军士兵刀盾F,秦兵,soldier_blade_f,6,3,40,14,9,3.2,15,5.4,,,,,,0,0,0,0,0,0,0,0,0,0,0,0,80,20,56,14,24,12,94,,,,,1,1,999,30,60,10,27,2,1,1,2,1,秦兵刀盾_砍,秦兵刀盾_刺,,,,,,,1001,0,100,0,0,0,0,0,0,0,0,0,,1
秦军士兵刀盾G,秦兵,soldier_blade_g,6,3,60,21,0,0,0,0,3,7.2,2.7,12,4.5,0,0,0,0,0,0,0,0,16,16,-8,-8,80,20,56,14,42,21,106,,,,,2,2,999,30,60,10,27,3,1,1,2,1,秦兵刀盾_五行攻击,,,,,,,,1001,0,100,0,0,0,0,0,0,0,0,0,,1
秦军士兵刀盾H,秦兵,soldier_blade_h,6,3,60,21,0,0,0,0,3,7.2,2.7,12,4.5,0,0,0,0,0,0,0,0,16,16,-8,-8,80,20,56,14,42,21,106,,,,,2,2,999,30,60,10,27,3,1,1,2,1,秦兵刀盾_五行攻击,秦兵刀盾_金钟护体,,,,,,,1001,0,100,0,0,0,0,0,0,0,0,0,,1
秦军士兵长戈A,秦兵,soldier_halberd_a,6,3,56,20,9,3.2,22.5,8.1,,,,,,16,8,0,0,0,0,0,0,0,0,0,0,80,20,40,10,36,18,128,129,,,,1,1,999,30,60,10,204,2,1,1,2,1,秦兵长戈_砍,秦兵长戈_刺,,,,,,,1001,0,120,0,0,0,0,0,0,0,0,0,,1
秦军士兵长戈B,秦兵,soldier_halberd_b,6,3,56,20,9,3.2,22.5,8.1,,,,,,16,8,0,0,0,0,0,0,0,0,0,0,80,20,40,10,36,18,131,133,,,,1,1,999,30,60,10,204,2,1,1,2,1,秦兵长戈_砍,秦兵长戈_刺,,,,,,,1001,0,120,0,0,0,0,0,0,0,0,0,,1
秦军士兵长戈C,秦兵,soldier_halberd_c,6,3,56,20,9,3.2,22.5,8.1,,,,,,16,8,0,0,0,0,0,0,0,0,0,0,80,20,40,10,36,18,130,,,,,1,1,999,30,60,10,204,2,1,1,2,1,秦兵长戈_砍,秦兵长戈_刺,,,,,,,1001,0,120,0,0,0,0,0,0,0,0,0,,1
秦军士兵长戈D,秦兵,soldier_halberd_d,6,3,56,20,9,3.2,22.5,8.1,,,,,,16,8,0,0,0,0,0,0,0,0,0,0,80,20,40,10,36,18,132,,,,,1,1,999,30,60,10,204,2,1,1,2,1,秦兵长戈_砍,秦兵长戈_刺,,,,,,,1001,0,120,0,0,0,0,0,0,0,0,0,,1
秦军士兵长戈E,秦兵,soldier_halberd_e,6,3,56,20,9,3.2,22.5,8.1,,,,,,16,8,0,0,0,0,0,0,0,0,0,0,80,20,40,10,36,18,134,,,,,1,1,999,30,60,10,204,2,1,1,2,1,秦兵长戈_砍,秦兵长戈_刺,,,,,,,1001,0,120,0,0,0,0,0,0,0,0,0,,1
秦军士兵长戈F,秦兵,soldier_halberd_f,6,3,56,20,9,3.2,22.5,8.1,,,,,,16,8,0,0,0,0,0,0,0,0,0,0,80,20,40,10,36,18,135,,,,,1,1,999,30,60,10,204,2,1,1,2,1,秦兵长戈_砍,秦兵长戈_刺,,,,,,,1001,0,120,0,0,0,0,0,0,0,0,0,,1
秦军士兵长戈G,秦兵,soldier_halberd_g,6,3,84,30,0,0,0,0,3,7.2,2.7,18,6.7,16,8,0,0,0,0,0,0,20,20,-10,-10,80,20,40,10,66,33,141,,,,,2,2,999,30,60,10,204,3,1,1,2,1,秦兵长戈_五行攻击,,,,,,,,1001,0,120,0,0,0,0,0,0,0,0,0,,1
秦军士兵长戈H,秦兵,soldier_halberd_h,6,3,84,30,0,0,0,0,3,7.2,2.7,18,6.7,16,8,0,0,0,0,0,0,20,20,-10,-10,80,20,40,10,66,33,141,,,,,2,2,999,30,60,10,204,3,1,1,2,1,秦兵长戈_五行攻击,秦兵长戈_金钟护体,,,,,,,1001,0,120,0,0,0,0,0,0,0,0,0,,1
秦军士兵弓箭A,秦兵,soldier_archer_a,6,3,40,14,7.5,2.7,13.5,4.8,,,,,,0,0,0,0,0,0,0,0,0,0,0,0,112,28,56,14,26,13,107,,,,,1,1,999,30,60,10,202,2,1,1,2,1,秦兵弓箭_射箭,秦兵弓箭_踢腿,,,,,,,1001,0,80,0,0,0,0,0,0,0,0,0,,1
秦军士兵弓箭B,秦兵,soldier_archer_b,6,3,40,14,7.5,2.7,13.5,4.8,,,,,,0,0,0,0,0,0,0,0,0,0,0,0,112,28,56,14,26,13,107,,,,,1,1,999,30,60,10,202,2,1,1,2,1,秦兵弓箭_射箭,秦兵弓箭_踢腿,,,,,,,1001,0,80,0,0,0,0,0,0,0,0,0,,1
秦军士兵弓箭C,秦兵,soldier_archer_c,6,3,40,14,7.5,2.7,13.5,4.8,,,,,,0,0,0,0,0,0,0,0,0,0,0,0,112,28,56,14,26,13,107,,,,,1,1,999,30,60,10,202,2,1,1,2,1,秦兵弓箭_射箭,秦兵弓箭_踢腿,,,,,,,1001,0,80,0,0,0,0,0,0,0,0,0,,1
秦军士兵弓箭D,秦兵,soldier_archer_d,6,3,40,14,7.5,2.7,13.5,4.8,,,,,,0,0,0,0,0,0,0,0,0,0,0,0,112,28,56,14,26,13,108,,,,,1,1,999,30,60,10,202,2,1,1,2,1,秦兵弓箭_射箭,秦兵弓箭_踢腿,,,,,,,1001,0,80,0,0,0,0,0,0,0,0,0,,1
秦军士兵弓箭E,秦兵,soldier_archer_e,6,3,40,14,7.5,2.7,13.5,4.8,,,,,,0,0,0,0,0,0,0,0,0,0,0,0,112,28,56,14,26,13,108,,,,,1,1,999,30,60,10,202,2,1,1,2,1,秦兵弓箭_射箭,秦兵弓箭_踢腿,,,,,,,1001,0,80,0,0,0,0,0,0,0,0,0,,1
秦军士兵弓箭F,秦兵,soldier_archer_f,6,3,40,14,7.5,2.7,13.5,4.8,,,,,,0,0,0,0,0,0,0,0,0,0,0,0,112,28,56,14,26,13,108,,,,,1,1,999,30,60,10,202,2,1,1,2,1,秦兵弓箭_射箭,秦兵弓箭_踢腿,,,,,,,1001,0,80,0,0,0,0,0,0,0,0,0,,1
秦军士兵弓箭G,秦兵,soldier_archer_g,6,3,60,21,0,0,0,0,3,6,2.2,10.8,4,0,0,0,0,0,0,0,0,12,12,-6,-6,112,28,56,14,48,24,127,,,,,2,2,999,30,60,10,202,3,1,1,2,1,秦兵弓箭_踢腿,秦兵弓箭_冰箭,,,,,,,1001,0,80,0,0,0,0,0,0,0,0,0,,1
秦军士兵弓箭H,秦兵,soldier_archer_h,6,3,60,21,0,0,0,0,3,6,2.2,10.8,4,0,0,0,0,0,0,0,0,12,12,-6,-6,112,28,56,14,48,24,127,,,,,2,2,999,30,60,10,202,3,1,1,2,1,秦兵弓箭_踢腿,秦兵弓箭_冰箭,秦兵弓箭_移形换影,,,,,,1001,0,80,0,0,0,0,0,0,0,0,0,,1
秦军士兵弓箭I,秦兵,soldier_archer_I,6,3,60,21,0,0,0,0,3,6,2.2,10.8,4,0,0,0,0,0,0,0,0,12,12,-6,-6,112,28,56,14,48,24,127,,,,,2,2,999,30,60,10,202,3,1,1,2,1,秦兵弓箭_踢腿,秦兵弓箭_冰箭,秦兵弓箭_移形换影,,,,,,1001,0,80,0,0,0,0,0,0,0,0,0,,1
秦军头目长斧A,秦兵队长,captain_axe_a,6,3,100,35,9,3.2,22.5,8.1,,,,,,0,0,0,0,0,0,0,0,0,0,0,0,80,20,56,14,84,42,3,,,,,1,1,999,80,60,10,206,2,0,3,,,秦兵长斧_砍,秦兵长斧_喊人,秦兵长斧_幻影砍,,,,,,1002,0,150,0,0,30,30,30,30,30,50,0,,1
秦军头目长斧B,秦兵队长,captain_axe_b,6,3,100,35,9,3.2,22.5,8.1,,,,,,0,0,0,0,0,0,0,0,0,0,0,0,80,20,56,14,84,42,3,,,,,1,1,999,80,60,10,206,2,0,3,,,秦兵长斧_砍,秦兵长斧_喊人,秦兵长斧_幻影砍,,,,,,1002,0,150,0,0,30,30,30,30,30,50,0,,1
秦军头目长斧C,秦兵队长,captain_axe_c,6,3,100,35,9,3.2,22.5,8.1,,,,,,0,0,0,0,0,0,0,0,0,0,0,0,80,20,56,14,108,42,143,,,,,1,1,999,80,60,10,206,2,0,3,,,秦兵长斧_砍,秦兵长斧_喊人,秦兵长斧_幻影砍,秦兵长斧_群体攻击,,,,,1002,0,150,0,0,30,30,30,30,30,50,0,,1
秦军头目长斧D,秦兵队长,captain_axe_d,6,3,100,35,0,0,0,0,3,7.2,2.7,18,6.7,0,0,0,0,0,0,0,0,16,16,-8,-8,80,20,56,14,156,42,5,,,,,1,2,999,80,60,10,206,3,0,3,,,秦兵长斧_五行攻击,秦兵长斧_喊人,秦兵长斧_举火燎原,,,,,,1002,0,150,0,0,30,30,30,30,30,50,0,,1
秦军头目长斧E,秦兵队长,captain_axe_e,6,3,100,35,0,0,0,0,3,7.2,2.7,18,6.7,0,0,0,0,0,0,0,0,16,16,-8,-8,80,20,56,14,156,42,142,,,,,1,2,999,80,60,10,206,3,0,3,,,秦兵长斧_五行攻击,秦兵长斧_喊人,秦兵长斧_举火燎原,秦兵长斧_无情冰刃,,,,,1002,0,150,0,0,30,30,30,30,30,50,0,,1
秦军头目旧重剑,秦兵队长,captain_sword_old,6,3,100,35,9,3.2,15,5.4,,,,,,12,6,3,3,3,3,3,3,3,3,3,3,96,24,64,16,84,42,30,31,32,33,34,1,1,999,80,60,10,201,2,0,3,,,秦兵重剑_砍,秦兵重剑_刺,秦兵重剑_喊人,秦兵重剑_旋,,,,,1002,0,160,0,0,40,40,40,40,40,50,0,,1
秦军头目重剑A,秦兵队长,captain_sword_a,6,3,100,35,9,3.2,15,5.4,,,,,,12,6,3,3,3,3,3,3,3,3,3,3,96,24,64,16,84,42,36,,,,,1,1,999,80,60,10,201,2,0,3,,,秦兵重剑_砍,秦兵重剑_刺,秦兵重剑_喊人,秦兵重剑_旋,,,,,1002,0,160,0,0,40,40,40,40,40,50,0,,1
秦军头目重剑B,秦兵队长,captain_sword_b,6,3,100,35,9,3.2,15,5.4,,,,,,12,6,3,3,3,3,3,3,3,3,3,3,96,24,64,16,84,42,36,,,,,1,1,999,80,60,10,201,2,0,3,,,秦兵重剑_砍,秦兵重剑_刺,秦兵重剑_喊人,秦兵重剑_旋,,,,,1002,0,160,0,0,40,40,40,40,40,50,0,,1
秦军头目重剑C,秦兵队长,captain_sword_c,6,3,100,35,9,3.2,15,5.4,,,,,,12,6,3,3,3,3,3,3,3,3,3,3,96,24,64,16,108,42,36,,,,,1,1,999,80,60,10,201,2,0,3,,,秦兵重剑_砍,秦兵重剑_刺,秦兵重剑_喊人,秦兵重剑_群体防御,,,,,1002,0,160,0,0,40,40,40,40,40,50,0,,1
秦军头目重剑D,秦兵队长,captain_sword_d,6,3,100,35,0,0,0,0,3,7.2,2.7,12,4.5,8,4,4,4,4,4,4,4,20,20,-8,-8,96,24,64,16,156,42,37,,,,,1,2,999,80,60,10,201,3,0,3,,,秦兵重剑_五行攻击,秦兵重剑_喊人,秦兵重剑_旋,,,,,,1002,0,160,0,0,40,40,40,40,40,50,0,,1
秦军头目重剑E,秦兵队长,captain_sword_e,6,3,100,35,0,0,0,0,3,7.2,2.7,12,4.5,8,4,4,4,4,4,4,4,20,20,-8,-8,96,24,64,16,180,42,37,,,,,1,2,999,80,60,10,201,3,0,3,,,秦兵重剑_五行攻击,秦兵重剑_喊人,秦兵重剑_旋,秦兵重剑_无情冰刃,,,,,1002,0,160,0,0,40,40,40,40,40,50,0,,1
秦兵大将A,秦兵大将,general_of_qin_a,6,3,300,105,12,4.3,18,6.5,,,,,,0,0,0,0,0,0,0,0,0,0,0,0,96,24,64,16,300,90,280,,,,,2,3,999,80,60,20,26,5,0,5,,,秦军大将_砍,秦军大将_喊人,秦军大将_御气之术,秦军大将_劈,秦军大将_穿心一击,,,,1003,0,180,0,0,50,50,50,50,50,50,50,,1
秦兵大将B,秦兵大将,general_of_qin_b,6,3,300,105,0,0,0,0,3,9.6,3.6,14.4,5.4,0,0,0,0,0,0,0,0,16,16,-8,-8,96,24,64,16,360,90,281,,,,,2,3,999,80,60,20,26,5,0,5,,,秦军大将_溃散攻击,秦军大将_喊人,秦军大将_御气之术,秦军大将_霸道无双,,,,,1003,0,180,0,0,50,50,50,50,50,50,50,,1
秦兵大将C,秦兵大将,general_of_qin_c,6,3,300,105,0,0,0,0,3,9.6,3.6,14.4,5.4,0,0,0,0,0,0,0,0,16,16,-8,-8,96,24,64,16,360,90,282,,,,,2,3,999,80,60,20,26,5,0,5,,,秦军大将_五行砍,秦军大将_喊人,秦军大将_御气之术,秦军大将_举火燎原,,,,,1003,0,180,0,0,50,50,50,50,50,50,50,,1
秦兵大将D,秦兵大将,general_of_qin_d,6,3,300,105,12,4.3,18,6.5,,,,,,0,0,0,0,0,0,0,0,0,0,0,0,96,24,64,16,360,90,283,,,,,2,3,999,80,60,20,26,5,0,5,,,秦军大将_砍,秦军大将_喊人,秦军大将_雷霆万钧,秦军大将_劈,秦军大将_疾风扫落叶,,,,1003,0,180,0,0,50,50,50,50,50,50,50,,1
秦兵大将E,秦兵大将,general_of_qin_e,6,3,300,105,12,4.3,18,6.5,,,,,,0,0,0,0,0,0,0,0,0,0,0,0,96,24,64,16,420,90,280,,,,,2,3,999,80,60,20,26,5,0,5,,,秦军大将_砍,秦军大将_喊人,秦军大将_雷霆万钧,秦军大将_横扫千军,,,,,1003,0,180,0,0,50,50,50,50,50,50,50,,1
秦军官员,秦军官员,official_of_qin,6,3,100,35,9,3.2,15,5.4,,,,,,0,0,0,0,0,0,0,0,0,0,0,0,80,20,56,14,48,24,270,,,,,1,1,999,80,60,50,,,0,3,,,秦军官员_砍,秦军官员_喊人,,,,,,,1004,0,120,0,0,50,50,50,50,50,0,0,,1
秦军法师A,秦军法师,mage_of_qin_a,6,3,60,21,0,0,0,0,1,10.8,3.6,18,6.5,0,0,6,6,18,18,6,6,-6,-6,6,6,112,28,56,14,96,30,193,194,196,,,1,1,999,50,203,2,33,1,34,2,0,2,秦军法师_凌空虚渡,秦军法师_剑气冲天,秦军法师_银蛇狂舞,,,,,,1005,0,100,0,0,0,0,0,0,0,0,0,,1
秦军法师B,秦军法师,mage_of_qin_b,6,3,60,21,0,0,0,0,2,10.8,3.6,18,6.5,0,0,-6,-6,6,6,6,6,6,6,18,18,112,28,56,14,96,30,193,194,196,,,1,1,999,50,203,2,33,1,34,2,0,2,秦军法师_凌空虚渡,秦军法师_毒冲击波,秦军法师_桃花毒瘴,,,,,,1005,0,100,0,0,0,0,0,0,0,0,0,,1
秦军法师C,秦军法师,mage_of_qin_c,6,3,60,21,0,0,0,0,3,10.8,3.6,18,6.5,0,0,6,6,6,6,6,6,18,18,-6,-6,112,28,56,14,96,30,193,194,196,,,1,1,999,50,203,2,33,1,34,2,0,2,秦军法师_凌空虚渡,秦军法师_寒冰飞菱,秦军法师_玄冰真气,,,,,,1005,0,100,0,0,0,0,0,0,0,0,0,,1
秦军法师D,秦军法师,mage_of_qin_d,6,3,60,21,0,0,0,0,4,10.8,3.6,18,6.5,0,0,18,18,6,6,-6,-6,6,6,6,6,112,28,56,14,96,30,193,194,196,,,1,1,999,50,203,2,33,1,34,2,0,2,秦军法师_凌空虚渡,秦军法师_火蛇,秦军法师_野火焚心,,,,,,1005,0,100,0,0,0,0,0,0,0,0,0,,1
秦军法师E,秦军法师,mage_of_qin_e,6,3,60,21,0,0,0,0,5,10.8,3.6,18,6.5,0,0,6,6,-6,-6,18,18,6,6,6,6,112,28,56,14,96,30,193,194,196,,,1,1,999,50,203,2,33,1,34,2,0,2,秦军法师_凌空虚渡,秦军法师_小旋风,秦军法师_凝血成石,,,,,,1005,0,100,0,0,0,0,0,0,0,0,0,,1
秦军大法师A,秦军大法师,archmage_of_qin_a,6,3,100,35,0,0,0,0,1,10.8,3.6,18,6.5,0,0,6,6,18,18,6,6,-6,-6,6,6,112,28,56,14,144,50,195,,,,,2,2,999,50,203,3,33,2,34,3,0,2,秦军法师_凌空虚渡,秦军法师_剑气冲天,秦军法师_飞剑杀人,秦军法师_减物理防御,,,,,1005,0,100,0,0,0,0,0,0,0,0,0,,1
秦军大法师B,秦军大法师,archmage_of_qin_b,6,3,100,35,0,0,0,0,2,10.8,3.6,18,6.5,0,0,-6,-6,6,6,6,6,6,6,18,18,112,28,56,14,144,50,195,,,,,2,2,999,50,203,3,33,2,34,3,0,2,秦军法师_凌空虚渡,秦军法师_毒冲击波,秦军法师_肝脑涂地,秦军法师_减五行防御,,,,,1005,0,100,0,0,0,0,0,0,0,0,0,,1
秦军大法师C,秦军大法师,archmage_of_qin_c,6,3,100,35,0,0,0,0,3,10.8,3.6,18,6.5,0,0,6,6,6,6,6,6,18,18,-6,-6,112,28,56,14,144,50,195,,,,,2,2,999,50,203,3,33,2,34,3,0,2,秦军法师_凌空虚渡,秦军法师_寒冰飞菱,秦军法师_长空冰暴,秦军法师_减速度,,,,,1005,0,100,0,0,0,0,0,0,0,0,0,,1
秦军大法师D,秦军大法师,archmage_of_qin_d,6,3,100,35,0,0,0,0,4,10.8,3.6,18,6.5,0,0,18,18,6,6,-6,-6,6,6,6,6,112,28,56,14,144,50,195,,,,,2,2,999,50,203,3,33,2,34,3,0,2,秦军法师_凌空虚渡,秦军法师_火蛇,秦军法师_火圈,秦军法师_天地混沌,,,,,1005,0,100,0,0,0,0,0,0,0,0,0,,1
秦军大法师E,秦军大法师,archmage_of_qin_e,6,3,100,35,0,0,0,0,5,10.8,3.6,18,6.5,0,0,6,6,-6,-6,18,18,6,6,6,6,112,28,56,14,144,50,195,,,,,2,2,999,50,203,3,33,2,34,3,0,2,秦军法师_凌空虚渡,秦军法师_小旋风,秦军法师_龙卷风,秦军法师_蛊惑人心,,,,,1005,0,100,0,0,0,0,0,0,0,0,0,,1
无经验秦军士兵,秦兵,zero_soldier_halberd,6,3,56,20,9,3.2,22.5,8.1,,,,,,16,8,0,0,0,0,0,0,0,0,0,0,80,20,40,10,0,0,128,129,,,,0,0,,,,,,,,,,,秦兵长戈_砍,秦兵长戈_刺,,,,,,,1001,0,50,0,0,0,0,0,0,0,0,0,,1
无经验秦军法师,秦军法师,zero_mage_of_qin,6,3,60,21,0,0,0,0,1,10.8,3.6,18,6.5,0,0,6,6,18,18,6,6,-6,-6,6,6,112,28,56,14,0,0,193,194,196,,,0,0,,,,,,,,,,,秦军法师_凌空虚渡,秦军法师_剑气冲天,秦军法师_银蛇狂舞,,,,,,1005,0,100,0,0,0,0,0,0,0,0,0,,1
测试专家,测试专家,tester,6,3,30000,0,1,0,1,0,,,,,,2,0,1,0,1,0,1,0,1,0,1,0,1,1,1,1,126,63,143,,,,,0,0,,,,,,,,,,,测试专家_五行砍,,,,,,,,1006,0,0,0,0,0,0,0,0,0,0,0,,20
司马欣,司马欣,simaxin,6,3,300,105,12,4.8,18,7.2,,,,,,0,0,0,0,0,0,0,0,0,0,0,0,96,24,64,16,300,90,280,,,,,2,3,999,80,60,20,26,5,0,5,,,,,,,,,,,1003,0,180,0,0,50,50,50,50,50,50,50,,1
网络秦军士兵A刀盾,秦兵,soldier_blade_a,6,3,60,10,10.8,3.6,18,6,,,,,,16,6,0,0,0,0,0,0,0,0,0,0,60,20,42,14,20,0.04,18,19,20,21,,1,1,999,25,60,10,51,3,0,0.3,2,1,秦兵刀盾_砍,秦兵刀盾_刺,,,,,,,1001,0,100,0,50,0,0,0,0,0,0,0,,1
网络秦军士兵B刀盾,秦兵,soldier_blade_b,6,3,60,10,0,0,0,0,1,9,3,15,5,16,6,0,0,30,30,0,0,-15,-15,0,0,60,20,42,14,20,0.04,106,,,,,1,1,999,25,60,10,51,3,0,0.3,1,0.5,秦兵刀盾_金攻击,,,,,,,,1001,0,100,30,30,0,0,0,0,0,0,0,,1
网络秦军士兵C刀盾,秦兵,soldier_blade_c,6,3,60,10,0,0,0,0,2,9,3,15,5,16,6,-15,-15,0,0,0,0,0,0,30,30,60,20,42,14,20,0.04,106,,,,,1,1,999,25,60,10,51,3,0,0.3,1,0.5,秦兵刀盾_木攻击,,,,,,,,1001,0,100,30,30,0,0,0,0,0,0,0,,1
网络秦军士兵D刀盾,秦兵,soldier_blade_d,6,3,60,10,0,0,0,0,3,9,3,15,5,16,6,0,0,0,0,0,0,30,30,-15,-15,60,20,42,14,20,0.04,106,,,,,1,1,999,25,60,10,51,3,0,0.3,1,0.5,秦兵刀盾_水攻击,,,,,,,,1001,0,100,30,30,0,0,0,0,0,0,0,,1
网络秦军士兵E刀盾,秦兵,soldier_blade_e,6,3,60,10,0,0,0,0,4,9,3,15,5,16,6,30,30,0,0,-15,-15,0,0,0,0,60,20,42,14,20,0.04,106,,,,,1,1,999,25,60,10,51,3,0,0.3,1,0.5,秦兵刀盾_火攻击,,,,,,,,1001,0,100,30,30,0,0,0,0,0,0,0,,1
网络秦军士兵F刀盾,秦兵,soldier_blade_f,6,3,60,10,0,0,0,0,5,9,3,15,5,16,6,0,0,-15,-15,30,30,0,0,0,0,60,20,42,14,20,0.04,106,,,,,1,1,999,25,60,10,51,3,0,0.3,1,0.5,秦兵刀盾_土攻击,,,,,,,,1001,0,100,30,30,0,0,0,0,0,0,0,,1
网络秦军士兵A长戈,秦兵,soldier_halberd_a,6,3,120,20,10.8,3.6,27,9,,,,,,16,6,0,0,0,0,0,0,0,0,0,0,60,20,30,10,35,0.07,128,129,130,131,132,1,1,999,25,60,10,51,3,0,0.3,2,1,秦兵长戈_砍,秦兵长戈_刺,,,,,,,1001,0,120,0,50,0,0,0,0,0,0,0,,1
网络秦军士兵B长戈,秦兵,soldier_halberd_b,6,3,120,20,0,0,0,0,1,9,3,22.5,7.5,16,6,0,0,30,30,0,0,-15,-15,0,0,60,20,30,10,35,0.07,141,,,,,1,1,999,25,60,10,51,3,0,0.3,1,0.5,秦兵长戈_金攻击,,,,,,,,1001,0,120,30,30,0,0,0,0,0,0,0,,1
网络秦军士兵C长戈,秦兵,soldier_halberd_c,6,3,120,20,0,0,0,0,2,9,3,22.5,7.5,16,6,-15,-15,0,0,0,0,0,0,30,30,60,20,30,10,35,0.07,141,,,,,1,1,999,25,60,10,51,3,0,0.3,1,0.5,秦兵长戈_木攻击,,,,,,,,1001,0,120,30,30,0,0,0,0,0,0,0,,1
网络秦军士兵D长戈,秦兵,soldier_halberd_d,6,3,120,20,0,0,0,0,3,9,3,22.5,7.5,16,6,0,0,0,0,0,0,30,30,-15,-15,60,20,30,10,35,0.07,141,,,,,1,1,999,25,60,10,51,3,0,0.3,1,0.5,秦兵长戈_水攻击,,,,,,,,1001,0,120,30,30,0,0,0,0,0,0,0,,1
网络秦军士兵E长戈,秦兵,soldier_halberd_e,6,3,120,20,0,0,0,0,4,9,3,22.5,7.5,16,6,30,30,0,0,-15,-15,0,0,0,0,60,20,30,10,35,0.07,141,,,,,1,1,999,25,60,10,51,3,0,0.3,1,0.5,秦兵长戈_火攻击,,,,,,,,1001,0,120,30,30,0,0,0,0,0,0,0,,1
网络秦军士兵F长戈,秦兵,soldier_halberd_f,6,3,120,20,0,0,0,0,5,9,3,22.5,7.5,16,6,0,0,-15,-15,30,30,0,0,0,0,60,20,30,10,35,0.07,141,,,,,1,1,999,25,60,10,51,3,0,0.3,1,0.5,秦兵长戈_土攻击,,,,,,,,1001,0,120,30,30,0,0,0,0,0,0,0,,1
网络秦军士兵A弓箭,秦兵,soldier_archer_a,6,3,60,10,9,3,16.2,5.4,,,,,,16,6,0,0,0,0,0,0,0,0,0,0,84,28,42,14,25,0.05,107,108,,,,1,1,999,25,60,10,51,3,0,0.3,2,1,秦兵弓箭_射箭,秦兵弓箭_踢腿,,,,,,,1001,0,80,0,50,0,0,0,0,0,0,0,,1
网络秦军士兵B弓箭,秦兵,soldier_archer_b,6,3,60,10,0,0,0,0,1,7.5,2.5,13.5,4.5,16,6,0,0,30,30,0,0,-15,-15,0,0,84,28,42,14,25,0.05,127,,,,,1,1,999,25,60,10,51,3,0,0.3,1,0.5,秦兵弓箭_踢腿,秦兵弓箭_金箭,,,,,,,1001,0,80,30,30,0,0,0,0,0,0,0,,1
网络秦军士兵C弓箭,秦兵,soldier_archer_c,6,3,60,10,0,0,0,0,2,7.5,2.5,13.5,4.5,16,6,-15,-15,0,0,0,0,0,0,30,30,84,28,42,14,25,0.05,127,,,,,1,1,999,25,60,10,51,3,0,0.3,1,0.5,秦兵弓箭_踢腿,秦兵弓箭_木箭,,,,,,,1001,0,80,30,30,0,0,0,0,0,0,0,,1
网络秦军士兵D弓箭,秦兵,soldier_archer_d,6,3,60,10,0,0,0,0,3,7.5,2.5,13.5,4.5,16,6,0,0,0,0,0,0,30,30,-15,-15,84,28,42,14,25,0.05,127,,,,,1,1,999,25,60,10,51,3,0,0.3,1,0.5,秦兵弓箭_踢腿,秦兵弓箭_水箭,,,,,,,1001,0,80,30,30,0,0,0,0,0,0,0,,1
网络秦军士兵E弓箭,秦兵,soldier_archer_e,6,3,60,10,0,0,0,0,4,7.5,2.5,13.5,4.5,16,6,30,30,0,0,-15,-15,0,0,0,0,84,28,42,14,25,0.05,127,,,,,1,1,999,25,60,10,51,3,0,0.3,1,0.5,秦兵弓箭_踢腿,秦兵弓箭_火箭,,,,,,,1001,0,80,30,30,0,0,0,0,0,0,0,,1
网络秦军士兵F弓箭,秦兵,soldier_archer_f,6,3,60,10,0,0,0,0,5,7.5,2.5,13.5,4.5,16,6,0,0,-15,-15,30,30,0,0,0,0,84,28,42,14,25,0.05,127,,,,,1,1,999,25,60,10,51,3,0,0.3,1,0.5,秦兵弓箭_踢腿,秦兵弓箭_土箭,,,,,,,1001,0,80,30,30,0,0,0,0,0,0,0,,1
网络秦军法师A,秦军法师,mage_of_qin_a,6,3,90,15,0,0,0,0,1,12,4,22.5,7.5,16,6,0,0,30,30,0,0,-15,-15,0,0,84,28,42,14,40,0.08,193,194,196,,,1,1,999,40,60,10,51,3,0,0.5,,,秦军法师_凌空虚渡,秦军法师_剑气冲天,秦军法师_银蛇狂舞,,,,,,1005,0,100,30,30,0,0,0,0,0,0,0,,1
网络秦军法师B,秦军法师,mage_of_qin_b,6,3,90,15,0,0,0,0,2,12,4,22.5,7.5,16,6,-15,-15,0,0,0,0,0,0,30,30,84,28,42,14,40,0.08,193,194,196,,,1,1,999,40,60,10,51,3,0,0.5,,,秦军法师_凌空虚渡,秦军法师_毒冲击波,秦军法师_桃花毒瘴,,,,,,1005,0,100,30,30,0,0,0,0,0,0,0,,1
网络秦军法师C,秦军法师,mage_of_qin_c,6,3,90,15,0,0,0,0,3,12,4,22.5,7.5,16,6,0,0,0,0,0,0,30,30,-15,-15,84,28,42,14,40,0.08,193,194,196,,,1,1,999,40,60,10,51,3,0,0.5,,,秦军法师_凌空虚渡,秦军法师_寒冰飞菱,秦军法师_玄冰真气,,,,,,1005,0,100,30,30,0,0,0,0,0,0,0,,1
网络秦军法师D,秦军法师,mage_of_qin_d,6,3,90,15,0,0,0,0,4,12,4,22.5,7.5,16,6,30,30,0,0,-15,-15,0,0,0,0,84,28,42,14,40,0.08,193,194,196,,,1,1,999,40,60,10,51,3,0,0.5,,,秦军法师_凌空虚渡,秦军法师_火蛇,秦军法师_野火焚心,,,,,,1005,0,100,30,30,0,0,0,0,0,0,0,,1
网络秦军法师E,秦军法师,mage_of_qin_e,6,3,90,15,0,0,0,0,5,12,4,22.5,7.5,16,6,0,0,-15,-15,30,30,0,0,0,0,84,28,42,14,40,0.08,193,194,196,,,1,1,999,40,60,10,51,3,0,0.5,,,秦军法师_凌空虚渡,秦军法师_小旋风,秦军法师_凝血成石,,,,,,1005,0,100,30,30,0,0,0,0,0,0,0,,1
网络秦军大法师A,秦军大法师,archmage_of_qin_a,6,3,120,20,0,0,0,0,1,12,4,22.5,7.5,16,6,0,0,30,30,0,0,-15,-15,0,0,84,28,42,14,60,0.12,195,,,,,1,1,999,40,60,10,51,3,0,0.5,,,秦军法师_凌空虚渡,秦军法师_剑气冲天,秦军法师_飞剑杀人,秦军法师_减物理防御,,,,,1005,0,100,30,30,0,0,0,0,0,0,0,,1
网络秦军大法师B,秦军大法师,archmage_of_qin_b,6,3,120,20,0,0,0,0,2,12,4,22.5,7.5,16,6,-15,-15,0,0,0,0,0,0,30,30,84,28,42,14,60,0.12,195,,,,,1,1,999,40,60,10,51,3,0,0.5,,,秦军法师_凌空虚渡,秦军法师_毒冲击波,秦军法师_肝脑涂地,秦军法师_减五行防御,,,,,1005,0,100,30,30,0,0,0,0,0,0,0,,1
网络秦军大法师C,秦军大法师,archmage_of_qin_c,6,3,120,20,0,0,0,0,3,12,4,22.5,7.5,16,6,0,0,0,0,0,0,30,30,-15,-15,84,28,42,14,60,0.12,195,,,,,1,1,999,40,60,10,51,3,0,0.5,,,秦军法师_凌空虚渡,秦军法师_寒冰飞菱,秦军法师_长空冰暴,秦军法师_减速度,,,,,1005,0,100,30,30,0,0,0,0,0,0,0,,1
网络秦军大法师D,秦军大法师,archmage_of_qin_d,6,3,120,20,0,0,0,0,4,12,4,22.5,7.5,16,6,30,30,0,0,-15,-15,0,0,0,0,84,28,42,14,60,0.12,195,,,,,1,1,999,40,60,10,51,3,0,0.5,,,秦军法师_凌空虚渡,秦军法师_火蛇,秦军法师_火圈,秦军法师_天地混沌,,,,,1005,0,100,30,30,0,0,0,0,0,0,0,,1
网络秦军大法师E,秦军大法师,archmage_of_qin_e,6,3,120,20,0,0,0,0,5,12,4,22.5,7.5,16,6,0,0,-15,-15,30,30,0,0,0,0,84,28,42,14,60,0.12,195,,,,,1,1,999,40,60,10,51,3,0,0.5,,,秦军法师_凌空虚渡,秦军法师_小旋风,秦军法师_龙卷风,秦军法师_蛊惑人心,,,,,1005,0,100,30,30,0,0,0,0,0,0,0,,1
网络秦军头目长斧A,秦兵队长,captain_axe_a,6,3,240,40,10.8,3.6,27,9,,,,,,16,6,0,0,0,0,0,0,0,0,0,0,60,20,42,14,75,0.15,142,,,,,1,1,999,80,60,10,51,5,0,0.5,2,1,秦兵长斧_砍,秦兵长斧_喊人,秦兵长斧_幻影砍,,,,,,1002,0,150,0,50,30,30,30,30,30,50,0,,1
网络秦军头目长斧B,秦兵队长,captain_axe_b,6,3,240,40,10.8,3.6,27,9,,,,,,16,6,0,0,0,0,0,0,0,0,0,0,60,20,42,14,75,0.15,142,,,,,1,1,999,80,60,10,51,5,0,0.5,2,1,秦兵长斧_砍,秦兵长斧_喊人,秦兵长斧_群体攻击,,,,,,1002,0,150,0,50,30,30,30,30,30,50,0,,1
网络秦军头目长斧C,秦兵队长,captain_axe_c,6,3,240,40,0,0,0,0,4,9,3,22.5,7.5,16,6,30,30,0,0,-15,-15,0,0,0,0,60,20,42,14,75,0.15,143,,,,,1,1,999,80,60,10,51,5,0,0.5,1,0.7,秦兵长斧_火攻击,秦兵长斧_喊人,秦兵长斧_火冲,,,,,,1002,0,150,30,30,30,30,30,30,30,50,0,,1
网络秦军头目长斧D,秦兵队长,captain_axe_d,6,3,240,40,0,0,0,0,4,9,3,22.5,7.5,16,6,30,30,0,0,-15,-15,0,0,0,0,60,20,42,14,75,0.15,143,,,,,1,1,999,80,60,10,51,5,0,0.5,1,0.7,秦兵长斧_火攻击,秦兵长斧_喊人,秦兵长斧_燃烧血刃,,,,,,1002,0,150,30,30,30,30,30,30,30,50,0,,1
网络秦军头目长斧E,秦兵队长,captain_axe_e,6,3,240,40,0,0,0,0,5,9,3,22.5,7.5,16,6,0,0,-15,-15,30,30,0,0,0,0,60,20,42,14,75,0.15,143,,,,,1,1,999,80,60,10,51,5,0,0.5,1,0.7,秦兵长斧_土攻击,秦兵长斧_喊人,秦兵长斧_土冲,,,,,,1002,0,150,30,30,30,30,30,30,30,50,0,,1
网络秦军头目长斧F,秦兵队长,captain_axe_f,6,3,240,40,0,0,0,0,5,9,3,22.5,7.5,16,6,0,0,-15,-15,30,30,0,0,0,0,60,20,42,14,75,0.15,143,,,,,1,1,999,80,60,10,51,5,0,0.5,1,0.7,秦兵长斧_土攻击,秦兵长斧_喊人,秦兵长斧_点石成俑,,,,,,1002,0,150,30,30,30,30,30,30,30,50,0,,1
网络秦军头目重剑A,秦兵队长,captain_sword_a,6,3,270,45,10.8,3.6,18,6,,,,,,16,6,0,0,0,0,0,0,0,0,0,0,72,24,48,16,90,0.18,30,30,30,,,1,1,999,80,60,10,51,5,0,0.5,2,1,秦兵重剑_砍,秦兵重剑_刺,秦兵重剑_喊人,秦兵重剑_旋,,,,,1002,0,160,0,50,40,40,40,40,40,50,0,,1
网络秦军头目重剑B,秦兵队长,captain_sword_b,6,3,270,45,10.8,3.6,18,6,,,,,,16,6,0,0,0,0,0,0,0,0,0,0,72,24,48,16,90,0.18,30,30,30,,,1,1,999,80,60,10,51,5,0,0.5,2,1,秦兵重剑_砍,秦兵重剑_刺,秦兵重剑_喊人,秦兵重剑_群体防御,,,,,1002,0,160,0,50,40,40,40,40,40,50,0,,1
网络秦军头目重剑C,秦兵队长,captain_sword_c,6,3,270,45,0,0,0,0,1,9,3,15,5,16,6,0,0,30,30,0,0,-15,-15,0,0,72,24,48,16,90,0.18,37,,,,,1,1,999,80,60,10,51,5,0,0.5,1,0.7,秦兵重剑_金攻击,秦兵重剑_喊人,秦兵重剑_刺,,,,,,1002,0,160,30,30,40,40,40,40,40,50,0,,1
网络秦军头目重剑D,秦兵队长,captain_sword_d,6,3,270,45,0,0,0,0,1,9,3,15,5,16,6,0,0,30,30,0,0,-15,-15,0,0,72,24,48,16,90,0.18,37,,,,,1,1,999,80,60,10,51,5,0,0.5,1,0.7,秦兵重剑_金攻击,秦兵重剑_喊人,秦兵重剑_刺,秦兵重剑_磨锋砺刃,,,,,1002,0,160,30,30,40,40,40,40,40,50,0,,1
网络秦军头目重剑E,秦兵队长,captain_sword_e,6,3,270,45,0,0,0,0,2,9,3,15,5,16,6,-15,-15,0,0,0,0,0,0,30,30,72,24,48,16,90,0.18,37,,,,,1,1,999,80,60,10,51,5,0,0.5,1,0.7,秦兵重剑_木攻击,秦兵重剑_喊人,秦兵重剑_刺,,,,,,1002,0,160,30,30,40,40,40,40,40,50,0,,1
网络秦军头目重剑F,秦兵队长,captain_sword_f,6,3,270,45,0,0,0,0,2,9,3,15,5,16,6,-15,-15,0,0,0,0,0,0,30,30,72,24,48,16,90,0.18,37,,,,,1,1,999,80,60,10,51,5,0,0.5,1,0.7,秦兵重剑_木攻击,秦兵重剑_喊人,秦兵重剑_刺,秦兵重剑_噬骨之毒,,,,,1002,0,160,30,30,40,40,40,40,40,50,0,,1
网络秦军头目重剑G,秦兵队长,captain_sword_g,6,3,270,45,0,0,0,0,3,9,3,15,5,16,6,0,0,0,0,0,0,30,30,-15,-15,72,24,48,16,90,0.18,37,,,,,1,1,999,80,60,10,51,5,0,0.5,1,0.7,秦兵重剑_水攻击,秦兵重剑_喊人,秦兵重剑_刺,,,,,,1002,0,160,30,30,40,40,40,40,40,50,0,,1
网络秦军头目重剑H,秦兵队长,captain_sword_h,6,3,270,45,0,0,0,0,3,9,3,15,5,16,6,0,0,0,0,0,0,30,30,-15,-15,72,24,48,16,90,0.18,37,,,,,1,1,999,80,60,10,51,5,0,0.5,1,0.7,秦兵重剑_水攻击,秦兵重剑_喊人,秦兵重剑_刺,秦兵重剑_无情冰刃,,,,,1002,0,160,30,30,40,40,40,40,40,50,0,,1
网络秦兵大将A,秦兵大将,general_of_qin_a,6,3,360,90,14.4,4.8,21.6,7.2,,,,,,16,6,0,0,0,0,0,0,0,0,0,0,72,24,48,16,150,0.3,280,,,,,2,3,999,80,60,10,51,5,0,0.5,2,1,秦军大将_砍,秦军大将_喊人,秦军大将_雷霆万钧,秦军大将_横扫千军,秦军大将_劈,,,,1003,0,180,0,50,50,50,50,50,50,50,50,,1
网络秦兵大将B,秦兵大将,general_of_qin_b,6,3,360,90,0,0,0,0,1,12,4,18,6,16,6,0,0,30,30,0,0,-15,-15,0,0,72,24,48,16,150,0.3,280,,,,,2,3,999,80,60,10,51,5,0,0.5,1,0.7,秦军大将_金攻击,秦军大将_喊人,秦军大将_移行换影,秦军大将_真穿心一击,,,,,1003,0,180,30,30,50,50,50,50,50,50,50,,1
网络秦兵大将C,秦兵大将,general_of_qin_c,6,3,360,90,0,0,0,0,2,12,4,18,6,16,6,-15,-15,0,0,0,0,0,0,30,30,72,24,48,16,150,0.3,283,,,,,2,3,999,80,60,10,51,5,0,0.5,1,0.7,秦军大将_木攻击,秦军大将_喊人,秦军大将_移行换影,秦军大将_真疾风扫落叶,,,,,1003,0,180,30,30,50,50,50,50,50,50,50,,1
网络秦兵大将D,秦兵大将,general_of_qin_d,6,3,360,90,0,0,0,0,3,12,4,18,6,16,6,0,0,0,0,0,0,30,30,-15,-15,72,24,48,16,150,0.3,281,,,,,2,3,999,80,60,10,51,5,0,0.5,1,0.7,秦军大将_水攻击,秦军大将_喊人,秦军大将_御气之术,秦军大将_霸道无双,,,,,1003,0,180,30,30,50,50,50,50,50,50,50,,1
网络秦兵大将E,秦兵大将,general_of_qin_e,6,3,360,90,0,0,0,0,4,12,4,18,6,16,6,30,30,0,0,-15,-15,0,0,0,0,72,24,48,16,150,0.3,282,,,,,2,3,999,80,60,10,51,5,0,0.5,1,0.7,秦军大将_火攻击,秦军大将_喊人,秦军大将_移行换影,秦军大将_真举火燎原,,,,,1003,0,180,30,30,50,50,50,50,50,50,50,,1
网络秦兵大将F,秦兵大将,general_of_qin_f,6,3,360,90,0,0,0,0,5,12,4,18,6,16,6,0,0,-15,-15,30,30,0,0,0,0,72,24,48,16,150,0.3,281,,,,,2,3,999,80,60,10,51,5,0,0.5,1,0.7,秦军大将_土攻击,秦军大将_喊人,秦军大将_御气之术,秦军大将_真霸道无双,,,,,1003,0,180,30,30,50,50,50,50,50,50,50,,1
兵俑士兵刀盾,兵马俑,bingmayong_halberd_b,6,3,50,17.5,0,0,0,0,5,7.2,3,14.4,6,16,8,0,0,-8,-8,16,16,0,0,0,0,80,20,56,14,36,18,311,341,,,,1,1,999,20,100,6,,,,,,,兵俑刀盾_砍,兵俑刀盾_刺,,,,,,,1251,0,150,0,0,100,100,100,100,100,100,0,,0
兵俑士兵长戈,兵马俑,bingmayong_halberd_b,6,3,72,25.2,0,0,0,0,5,9.6,4,18,8,24,12,0,0,-10,-10,20,20,0,0,0,0,80,20,40,10,48,24,313,343,,,,1,1,999,20,100,6,,,,,,,兵俑长戈_砍,兵俑长戈_刺,,,,,,,1251,0,150,0,0,100,100,100,100,100,100,0,,0
兵俑士兵弓箭,兵马俑,bingmayong_halberd_b,6,3,50,17.5,0,0,0,0,5,6.6,2.5,12,5,9,6,0,0,-8,-8,16,16,0,0,0,0,112,28,56,14,40,20,312,342,,,,1,1,999,20,100,6,,,,,,,兵俑弓箭_射箭,兵俑弓箭_踢腿,,,,,,,1251,0,150,0,0,100,100,100,100,100,100,0,,0
兵俑头目长斧,兵马俑,bingmayong_halberd_b,6,3,100,35,0,0,0,0,5,9.6,4,18,8,16,8,0,0,-8,-8,16,16,0,0,0,0,80,20,56,14,96,48,314,344,,,,2,2,999,20,100,6,,,,,,,兵俑长斧_砍,兵俑长斧_幻影砍,,,,,,,1251,0,150,0,0,100,100,100,100,100,100,30,,0
兵俑头目重剑,兵马俑,bingmayong_halberd_b,6,3,100,35,0,0,0,0,5,7.2,3,14.4,6,16,8,0,0,-8,-8,16,16,0,0,0,0,80,20,56,14,96,48,315,345,,,,2,2,999,20,100,6,,,,,,,兵俑重剑_砍,兵俑重剑_刺,兵俑重剑_点石成俑,,,,,,1251,0,150,0,0,100,100,100,100,100,100,30,,0
兵俑将军,将军俑,bingmayong_jiangjun_b,6,3,200,70,0,0,0,0,5,9.6,4,18,7.5,16,8,0,0,-8,-8,16,16,0,0,0,0,80,20,56,14,240,120,316,,,,,3,3,999,20,100,6,,,,,,,将军俑_砍,将军俑_霸道无双,,,,,,,1252,0,150,0,0,100,100,100,100,100,100,50,,0
怪兽狍鸮A,狍鸮,paoxiao_a,6,3,160,56,18,7.2,24,9.6,,,,,,0,0,0,0,0,0,0,0,0,0,0,0,100,25,76,19,96,48,16,,,,,1,1,1007,8,1016,12,1025,8,1034,20,,,狍鸮_攻击,狍鸮_跑,狍鸮_混乱攻击,,,,,,1253,0,160,0,40,50,50,50,50,50,50,50,,2
怪兽狍鸮B,狍鸮,paoxiao_b,6,3,160,56,0,0,0,0,3,14.4,6,19.2,8,0,0,0,0,0,0,0,0,16,16,-8,-8,100,25,76,19,96,48,16,,,,,1,1,1007,8,1016,12,1025,8,1034,20,,,狍鸮_冰攻击,狍鸮_冰撞,,,,,,,1253,0,160,0,40,50,50,50,50,50,50,50,,2
怪兽狍鸮C,狍鸮,paoxiao_c,6,3,160,56,0,0,0,0,4,14.4,6,19.2,8,0,0,16,16,0,0,-8,-8,0,0,0,0,100,25,76,19,96,48,16,,,,,1,1,1007,8,1016,12,1025,8,1034,20,,,狍鸮_火攻击,狍鸮_火撞,,,,,,,1253,0,160,0,40,50,50,50,50,50,50,50,,2
怪兽虎蛟小A,虎蛟,hujiao_a,6,3,30,10.5,0,0,0,0,2,6,2.5,10.8,4,0,0,-8,-8,0,0,0,0,0,0,16,16,80,20,56,14,24,12,79,,,,,1,1,1002,3,1011,5,1020,3,1029,5,,,虎蛟_咬,虎蛟_吐舌,,,,,,,1254,0,90,0,,0,100,0,0,0,0,0,,3
怪兽虎蛟小B,虎蛟,hujiao_b,6,3,30,10.5,0,0,0,0,2,6,2.5,10.8,4,0,0,-8,-8,0,0,0,0,0,0,16,16,80,20,56,14,24,12,79,,,,,1,1,1002,3,1011,5,1020,3,1029,5,,,虎蛟_咬,虎蛟_吐舌,虎蛟_变大,,,,,,1254,0,90,0,,0,100,0,0,0,0,0,,3
怪兽虎蛟小C,虎蛟,hujiao_c,6,3,30,10.5,0,0,0,0,2,6,2.5,10.8,4,0,0,-8,-8,0,0,0,0,0,0,16,16,80,20,56,14,24,12,79,,,,,1,1,1002,3,1011,5,1020,3,1029,5,,,虎蛟_咬,虎蛟_毒咬,,,,,,,1254,0,90,0,,0,100,0,0,0,0,0,,3
怪兽虎蛟小D,虎蛟,hujiao_d,6,3,30,10.5,0,0,0,0,2,6,2.5,10.8,4,0,0,-8,-8,0,0,0,0,0,0,16,16,80,20,56,14,24,12,79,,,,,1,1,1002,3,1011,5,1020,3,1029,5,,,虎蛟_咬,虎蛟_毒咬,虎蛟_变大,,,,,,1254,0,90,0,,0,100,0,0,0,0,0,,3
怪兽虎蛟小E,虎蛟,hujiao_e,6,3,30,10.5,0,0,0,0,2,6,2.5,10.8,4,0,0,-8,-8,0,0,0,0,0,0,16,16,80,20,56,14,24,12,318,,,,,1,1,1002,3,1011,5,1020,3,1029,5,,,虎蛟_吐口水,虎蛟_必要吐舌,,,,,,,1254,0,90,0,,0,100,0,0,0,0,0,,3
怪兽虎蛟小F,虎蛟,hujiao_f,6,3,30,10.5,0,0,0,0,2,6,2.5,10.8,4,0,0,-8,-8,0,0,0,0,0,0,16,16,80,20,56,14,24,12,318,,,,,1,1,1002,3,1011,5,1020,3,1029,5,,,虎蛟_吐口水,虎蛟_必要吐舌,虎蛟_变大,,,,,,1254,0,90,0,,0,100,0,0,0,0,0,,3
怪兽虎蛟大A,大虎蛟,hujiao_big_a,6,3,60,21,0,0,0,0,2,6,2.5,10.8,4,0,0,-8,-8,0,0,0,0,0,0,16,16,80,20,56,14,60,30,317,,,,,1,1,1002,5,1011,8,1020,5,1029,10,,,虎蛟_吐口水,虎蛟_必要吐舌,大虎蛟_噬骨毒,,,,,,1255,0,130,0,,0,100,0,0,0,0,0,,3
怪兽虎蛟大B,大虎蛟,hujiao_big_b,6,3,60,21,0,0,0,0,2,6,2.5,10.8,4,0,0,-8,-8,0,0,0,0,0,0,16,16,80,20,56,14,60,30,319,,,,,1,1,1002,5,1011,8,1020,5,1029,10,,,大虎蛟_咬,大虎蛟_毒咬,,,,,,,1255,0,130,0,,0,100,0,0,0,0,0,,3
虎蛟王,虎蛟王,hujiao_king,6,3,180,63,0,0,0,0,2,7.5,3,12,5,0,0,-8,-8,0,0,0,0,0,0,16,16,80,20,56,14,180,90,320,,,,,2,3,1002,5,1011,8,1020,5,1029,50,,,虎蛟王_吐舌,虎蛟王_口水四射,虎蛟王_召唤大虎蛟,,,,,,1256,0,170,0,,30,100,30,30,30,100,50,,1
怪兽朱厌A,朱厌,zhuyan_a,6,3,400,140,0,0,0,0,5,12,5,20,8,20,10,0,0,-10,-10,20,20,0,0,0,0,80,20,40,10,300,150,38,,,,,1,1,1008,20,1017,30,1026,20,1035,30,,,朱厌_攻击土,朱厌_血舞狂风土,朱厌_虎啸龙吟,朱厌_神来之石,,,,,1257,0,250,50,0,50,50,50,50,50,100,50,,1
怪兽朱厌B,朱厌,zhuyan_b,6,3,400,140,0,0,0,0,1,12,5,20,8,20,10,0,0,20,20,0,0,-10,-10,0,0,80,20,40,10,300,150,335,,,,,1,1,1008,20,1017,30,1026,20,1035,30,,,朱厌_攻击金,朱厌_血舞狂风金,朱厌_气冲霄汉,朱厌_移行换影,,,,,1257,0,250,50,0,50,50,50,50,50,100,50,,1
怪兽善翼A,善翼,shanyi_a,6,3,160,56,12,5,20,8,,,,,,10,5,20,20,20,20,20,20,20,20,20,20,120,30,80,20,400,200,217,,,,,1,1,1009,20,1018,30,1027,20,1036,30,,,善翼_瞬移,善翼_攻击,善翼_二连击,,,,,,1258,0,220,30,200,100,100,100,100,100,100,100,,1
怪兽善翼B,善翼,shanyi_b,6,3,160,56,0,0,0,0,3,12,5,20,8,40,20,20,20,20,20,20,20,50,50,-10,-10,120,30,80,20,400,200,257,,,,,1,1,1009,20,1018,30,1027,20,1036,30,,,善翼_瞬移,善翼_必要攻击,善翼_水魔法,,,,,,1258,0,220,50,50,100,100,100,100,100,100,100,,1
怪兽善翼C,善翼,shanyi_c,6,3,160,56,0,0,0,0,1,12,5,20,8,40,20,20,20,50,50,20,20,-10,-10,20,20,120,30,80,20,400,200,258,,,,,1,1,1009,20,1018,30,1027,20,1036,30,,,善翼_瞬移,善翼_必要攻击,善翼_金魔法,,,,,,1258,0,220,50,50,100,100,100,100,100,100,100,,1
怪兽善翼D,善翼,shanyi_d,6,3,160,56,0,0,0,0,2,12,5,20,8,40,20,-10,-10,20,20,20,20,20,20,50,50,120,30,80,20,400,200,336,,,,,1,1,1009,20,1018,30,1027,20,1036,30,,,善翼_瞬移,善翼_必要攻击,善翼_木魔法,,,,,,1258,0,220,50,50,100,100,100,100,100,100,100,,1
怪兽善翼E,善翼,shanyi_e,6,3,160,56,0,0,0,0,4,12,5,20,8,40,20,50,50,20,20,-10,-10,20,20,20,20,120,30,80,20,400,200,337,,,,,1,1,1009,20,1018,30,1027,20,1036,30,,,善翼_瞬移,善翼_必要攻击,善翼_火魔法,,,,,,1258,0,220,50,50,100,100,100,100,100,100,100,,1
怪兽善翼F,善翼,shanyi_f,6,3,160,56,0,0,0,0,5,12,5,20,8,40,20,20,20,-10,-10,50,50,20,20,20,20,120,30,80,20,400,200,338,,,,,1,1,1009,20,1018,30,1027,20,1036,30,,,善翼_瞬移,善翼_必要攻击,善翼_土魔法,,,,,,1258,0,220,50,50,100,100,100,100,100,100,100,,1
网络怪兽狍鸮A,狍鸮,paoxiao_a,6,3,200,50,21.6,7.2,28.8,9.6,,,,,,16,6,0,0,0,0,0,0,0,0,0,0,100,25,76,19,30,0.15,16,,,,,1,1,1007,6,1016,12,1025,6,1034,20,,,狍鸮_攻击,狍鸮_跑,狍鸮_混乱攻击,,,,,,1253,0,160,0,50,50,50,50,50,50,50,50,,2
网络怪兽狍鸮B,狍鸮,paoxiao_b,6,3,200,50,0,0,0,0,3,18,6,24,8,16,6,0,0,0,0,0,0,20,20,-10,-10,100,25,76,19,30,0.15,16,,,,,1,1,1007,6,1016,12,1025,6,1034,20,,,狍鸮_冰攻击,狍鸮_冰撞,,,,,,,1253,0,160,0,50,50,50,50,50,50,50,50,,2
网络怪兽狍鸮C,狍鸮,paoxiao_c,6,3,200,50,0,0,0,0,4,18,6,24,8,16,6,20,20,0,0,-10,-10,0,0,0,0,100,25,76,19,30,0.15,16,,,,,1,1,1007,6,1016,12,1025,6,1034,20,,,狍鸮_火攻击,狍鸮_火撞,,,,,,,1253,0,160,0,50,50,50,50,50,50,50,50,,2
网络怪兽虎蛟小A,虎蛟,hujiao_a,6,3,28,7,0,0,0,0,2,7.2,2.4,12.9,4.3,16,6,-10,-10,0,0,0,0,0,0,20,20,80,20,56,14,8,0.04,79,,,,,1,1,1002,2,1011,4,1020,2,1029,6,,,虎蛟_咬,虎蛟_吐舌,,,,,,,1254,0,90,0,50,0,100,0,0,0,0,0,,3
网络怪兽虎蛟小B,虎蛟,hujiao_b,6,3,28,7,0,0,0,0,2,7.2,2.4,12.9,4.3,16,6,-10,-10,0,0,0,0,0,0,20,20,80,20,56,14,8,0.04,79,,,,,1,1,1002,2,1011,4,1020,2,1029,6,,,虎蛟_咬,虎蛟_吐舌,虎蛟_变大,,,,,,1254,0,90,0,50,0,100,0,0,0,0,0,,3
网络怪兽虎蛟小C,虎蛟,hujiao_c,6,3,28,7,0,0,0,0,2,7.2,2.4,12.9,4.3,16,6,-10,-10,0,0,0,0,0,0,20,20,80,20,56,14,8,0.04,79,,,,,1,1,1002,2,1011,4,1020,2,1029,6,,,虎蛟_咬,虎蛟_毒咬,,,,,,,1254,0,90,0,50,0,100,0,0,0,0,0,,3
网络怪兽虎蛟小D,虎蛟,hujiao_d,6,3,28,7,0,0,0,0,2,7.2,2.4,12.9,4.3,16,6,-10,-10,0,0,0,0,0,0,20,20,80,20,56,14,8,0.04,79,,,,,1,1,1002,2,1011,4,1020,2,1029,6,,,虎蛟_咬,虎蛟_毒咬,虎蛟_变大,,,,,,1254,0,90,0,50,0,100,0,0,0,0,0,,3
网络怪兽虎蛟小E,虎蛟,hujiao_e,6,3,28,7,0,0,0,0,2,7.2,2.4,12.9,4.3,16,6,-10,-10,0,0,0,0,0,0,20,20,80,20,56,14,8,0.04,318,,,,,1,1,1002,2,1011,4,1020,2,1029,6,,,虎蛟_吐口水,虎蛟_必要吐舌,,,,,,,1254,0,90,0,50,0,100,0,0,0,0,0,,3
网络怪兽虎蛟小F,虎蛟,hujiao_f,6,3,28,7,0,0,0,0,2,7.2,2.4,12.9,4.3,16,6,-10,-10,0,0,0,0,0,0,20,20,80,20,56,14,8,0.04,318,,,,,1,1,1002,2,1011,4,1020,2,1029,6,,,虎蛟_吐口水,虎蛟_必要吐舌,虎蛟_变大,,,,,,1254,0,90,0,50,0,100,0,0,0,0,0,,3
网络怪兽虎蛟大A,大虎蛟,hujiao_big_a,6,3,56,14,0,0,0,0,2,7.2,2.4,12.9,4.3,16,6,-10,-10,0,0,0,0,0,0,20,20,80,20,56,14,14,0.07,317,,,,,1,1,1002,4,1011,8,1020,4,1029,10,,,虎蛟_吐口水,虎蛟_必要吐舌,大虎蛟_噬骨毒,,,,,,1255,0,130,0,50,0,100,0,0,0,0,0,,3
网络怪兽虎蛟大B,大虎蛟,hujiao_big_b,6,3,56,14,0,0,0,0,2,7.2,2.4,12.9,4.3,16,6,-10,-10,0,0,0,0,0,0,20,20,80,20,56,14,14,0.07,319,,,,,1,1,1002,4,1011,8,1020,4,1029,10,,,大虎蛟_咬,大虎蛟_毒咬,,,,,,,1255,0,130,0,50,0,100,0,0,0,0,0,,3
网络虎蛟王,虎蛟王,hujiao_king,6,3,200,50,0,0,0,0,2,9,3,15,5,16,6,-10,-10,0,0,0,0,0,0,20,20,80,20,56,14,36,0.18,320,,,,,3,3,1002,4,1011,8,1020,4,1029,50,,,虎蛟王_吐舌,虎蛟王_口水四射,虎蛟王_召唤大虎蛟,,,,,,1256,0,170,0,50,30,100,30,30,30,100,50,,1
网络怪兽朱厌A,朱厌,zhuyan_a,6,3,400,100,0,0,0,0,5,15,5,24,8,48,16,0,0,-10,-10,20,20,0,0,0,0,80,20,40,10,48,0.24,38,,,,,1,1,1008,8,1017,14,1026,8,1035,70,,,朱厌_攻击土,朱厌_血舞狂风土,朱厌_虎啸龙吟,朱厌_神来之石,,,,,1257,0,250,50,30,50,50,50,50,50,100,50,,1
网络怪兽朱厌B,朱厌,zhuyan_b,6,3,400,100,0,0,0,0,1,15,5,24,8,48,16,0,0,20,20,0,0,-10,-10,0,0,80,20,40,10,48,0.24,335,,,,,1,1,1008,8,1017,14,1026,8,1035,70,,,朱厌_攻击金,朱厌_血舞狂风金,朱厌_气冲霄汉,朱厌_移行换影,,,,,1257,0,250,50,30,50,50,50,50,50,100,50,,1
网络怪兽善翼A,善翼,shanyi_a,6,3,200,50,15,5,24,8,,,,,,36,12,60,60,60,60,60,60,60,60,60,60,120,30,80,20,60,0.3,217,,,,,1,1,1009,8,1018,14,1027,8,1036,70,,,善翼_瞬移,善翼_攻击,善翼_二连击,,,,,,1258,0,220,30,200,100,100,100,100,100,100,100,,1
网络怪兽善翼B,善翼,shanyi_b,6,3,200,50,0,0,0,0,3,15,5,24,8,300,120,60,60,60,60,60,60,130,130,-10,-10,120,30,80,20,60,0.3,257,,,,,1,1,1009,8,1018,14,1027,8,1036,70,,,善翼_瞬移,善翼_必要攻击,善翼_水魔法,,,,,,1258,0,220,50,50,100,100,100,100,100,100,100,,1
网络怪兽善翼C,善翼,shanyi_c,6,3,200,50,0,0,0,0,1,15,5,24,8,300,120,60,60,130,130,60,60,-10,-10,60,60,120,30,80,20,60,0.3,258,,,,,1,1,1009,8,1018,14,1027,8,1036,70,,,善翼_瞬移,善翼_必要攻击,善翼_金魔法,,,,,,1258,0,220,50,50,100,100,100,100,100,100,100,,1
网络怪兽善翼D,善翼,shanyi_d,6,3,200,50,0,0,0,0,2,15,5,24,8,300,120,-10,-10,60,60,60,60,60,60,130,130,120,30,80,20,60,0.3,336,,,,,1,1,1009,8,1018,14,1027,8,1036,70,,,善翼_瞬移,善翼_必要攻击,善翼_木魔法,,,,,,1258,0,220,50,50,100,100,100,100,100,100,100,,1
网络怪兽善翼E,善翼,shanyi_e,6,3,200,50,0,0,0,0,4,15,5,24,8,300,120,130,130,60,60,-10,-10,60,60,60,60,120,30,80,20,60,0.3,337,,,,,1,1,1009,8,1018,14,1027,8,1036,70,,,善翼_瞬移,善翼_必要攻击,善翼_火魔法,,,,,,1258,0,220,50,50,100,100,100,100,100,100,100,,1
网络怪兽善翼F,善翼,shanyi_f,6,3,200,50,0,0,0,0,5,15,5,24,8,300,120,60,60,-10,-10,110,110,60,60,60,60,120,30,80,20,60,0.3,338,,,,,1,1,1009,8,1018,14,1027,8,1036,70,,,善翼_瞬移,善翼_必要攻击,善翼_土魔法,,,,,,1258,0,220,50,50,100,100,100,100,100,100,100,,1
网络兵俑士兵刀盾A,兵马俑,bingmayong_blade_a,6,3,120,20,0,0,0,0,1,12,5.4,20,9,16,6,0,0,30,30,0,0,-15,-15,0,0,900,300,42,14,12,0.06,311,341,,,,1,1,999,15,60,10,51,3,0,0.3,1,0.5,兵俑刀盾_金砍,,,,,,,,1001,0,100,30,30,100,100,100,100,100,100,0,,1
网络兵俑士兵刀盾B,兵马俑,bingmayong_blade_b,,,120,20,0,0,0,0,2,12,5.4,20,9,16,6,-15,-15,0,0,0,0,0,0,30,30,900,300,42,14,12,0.06,311,341,,,,1,1,999,15,60,10,51,3,0,0.3,1,0.5,兵俑刀盾_木砍,,,,,,,,1001,0,100,30,30,100,100,100,100,100,100,0,,1
网络兵俑士兵刀盾C,兵马俑,bingmayong_blade_c,,,120,20,0,0,0,0,3,12,5.4,20,9,16,6,0,0,0,0,0,0,30,30,-15,-15,900,300,42,14,12,0.06,311,341,,,,1,1,999,15,60,10,51,3,0,0.3,1,0.5,兵俑刀盾_水砍,,,,,,,,1001,0,100,30,30,100,100,100,100,100,100,0,,1
网络兵俑士兵长戈A,兵马俑,bingmayong_halberd_d,6,3,180,30,0,0,0,0,4,12,5.4,30,13.5,16,6,30,30,0,0,-15,-15,0,0,0,0,900,300,30,10,20,0.1,313,343,,,,1,1,999,15,60,10,51,3,0,0.3,1,0.5,兵俑长戈_火砍,,,,,,,,1001,0,120,30,30,100,100,100,100,100,100,0,,1
网络兵俑士兵长戈B,兵马俑,bingmayong_halberd_e,,,180,30,0,0,0,0,5,12,5.4,30,13.5,16,6,0,0,-15,-15,30,30,0,0,0,0,900,300,30,10,20,0.1,313,343,,,,1,1,999,15,60,10,51,3,0,0.3,1,0.5,兵俑长戈_土砍,,,,,,,,1001,0,120,30,30,100,100,100,100,100,100,0,,1
网络兵俑士兵弓箭A,兵马俑,bingmayong_archer_a,6,3,120,20,0,0,0,0,1,10,4,18,8,16,6,0,0,30,30,0,0,-15,-15,0,0,1260,420,42,14,16,0.08,312,342,,,,1,1,999,15,60,10,51,3,0,0.3,1,0.5,兵俑弓箭_金砍,,,,,,,,1001,0,80,30,30,100,100,100,100,100,100,0,,1
网络兵俑士兵弓箭B,兵马俑,bingmayong_archer_b,,,120,20,0,0,0,0,2,10,4,18,8,16,6,-15,-15,0,0,0,0,0,0,30,30,1260,420,42,14,16,0.08,312,342,,,,1,1,999,15,60,10,51,3,0,0.3,1,0.5,兵俑弓箭_木砍,,,,,,,,1001,0,80,30,30,100,100,100,100,100,100,0,,1
网络兵俑士兵弓箭C,兵马俑,bingmayong_archer_c,,,120,20,0,0,0,0,3,10,4,18,8,16,6,0,0,0,0,0,0,30,30,-15,-15,1260,420,42,14,16,0.08,312,342,,,,1,1,999,15,60,10,51,3,0,0.3,1,0.5,兵俑弓箭_水砍,,,,,,,,1001,0,80,30,30,100,100,100,100,100,100,0,,1
网络兵俑士兵弓箭D,兵马俑,bingmayong_archer_d,,,120,20,0,0,0,0,4,10,4,18,8,16,6,30,30,0,0,-15,-15,0,0,0,0,1260,420,42,14,16,0.08,312,342,,,,1,1,999,15,60,10,51,3,0,0.3,1,0.5,兵俑弓箭_火砍,,,,,,,,1001,0,80,30,30,100,100,100,100,100,100,0,,1
网络兵俑士兵弓箭E,兵马俑,bingmayong_archer_e,,,120,20,0,0,0,0,5,10,4,18,8,16,6,0,0,-15,-15,30,30,0,0,0,0,1260,420,42,14,16,0.08,312,342,,,,1,1,999,15,60,10,51,3,0,0.3,1,0.5,兵俑弓箭_土砍,,,,,,,,1001,0,80,30,30,100,100,100,100,100,100,0,,1
网络兵俑头目长斧A,兵马俑,bingmayong_axe_a,6,3,480,80,0,0,0,0,1,12,5.4,30,13.5,16,6,0,0,30,30,0,0,-15,-15,0,0,900,300,42,14,50,0.25,314,344,,,,1,1,999,40,60,10,51,5,0,0.5,1,0.7,兵俑长斧_金砍,,,,,,,,1002,0,150,30,30,100,100,100,100,100,100,0,,1
网络兵俑头目长斧B,兵马俑,bingmayong_axe_b,,,480,80,0,0,0,0,2,12,5.4,30,13.5,16,6,-15,-15,0,0,0,0,0,0,30,30,900,300,42,14,50,0.25,314,344,,,,1,1,999,40,60,10,51,5,0,0.5,1,0.7,兵俑长斧_木砍,,,,,,,,1002,0,150,30,30,100,100,100,100,100,100,0,,1
网络兵俑头目重剑A,兵马俑,bingmayong_sword_c,6,3,540,90,0,0,0,0,3,12,5.4,20,9,16,6,0,0,0,0,0,0,30,30,-15,-15,1080,360,48,16,50,0.25,315,345,,,,1,1,999,40,60,10,51,5,0,0.5,1,0.7,兵俑重剑_水砍,,,,,,,,1002,0,160,30,30,100,100,100,100,100,100,0,,1
网络兵俑头目重剑B,兵马俑,bingmayong_sword_d,,,540,90,0,0,0,0,4,12,5.4,20,9,16,6,30,30,0,0,-15,-15,0,0,0,0,1080,360,48,16,60,0.3,315,345,,,,1,1,999,40,60,10,51,5,0,0.5,1,0.7,兵俑重剑_火砍,,,,,,,,1002,0,160,30,30,100,100,100,100,100,100,0,,1
网络兵俑头目重剑C,兵马俑,bingmayong_sword_e,,,540,90,0,0,0,0,5,12,5.4,20,9,16,6,0,0,-15,-15,30,30,0,0,0,0,1080,360,48,16,60,0.3,315,345,,,,1,1,999,40,60,10,51,5,0,0.5,1,0.7,兵俑重剑_土砍,,,,,,,,1002,0,160,30,30,100,100,100,100,100,100,0,,1
网络兵俑将军A,将军俑,bingmayong_jiangjun_a,6,3,1080,180,0,0,0,0,1,16,7.2,24,10.8,16,6,0,0,30,30,0,0,-15,-15,0,0,1080,360,48,16,100,0.5,316,,,,,1,1,999,40,60,10,51,5,0,0.5,1,0.7,将军俑_金砍,,,,,,,,1003,0,180,30,30,100,100,100,100,100,100,0,,1
网络兵俑将军B,将军俑,bingmayong_jiangjun_b,6,3,1080,180,0,0,0,0,2,16,7.2,24,10.8,16,6,-15,-15,0,0,0,0,0,0,30,30,1080,360,48,16,100,0.5,316,,,,,1,1,999,40,60,10,51,5,0,0.5,1,0.7,将军俑_木砍,,,,,,,,1003,0,180,30,30,100,100,100,100,100,100,0,,1
网络兵俑将军C,将军俑,bingmayong_jiangjun_c,6,3,1080,180,0,0,0,0,3,16,7.2,24,10.8,16,6,0,0,0,0,0,0,30,30,-15,-15,1080,360,48,16,100,0.5,316,,,,,1,1,999,40,60,10,51,5,0,0.5,1,0.7,将军俑_水砍,,,,,,,,1003,0,180,30,30,100,100,100,100,100,100,0,,1
网络兵俑将军D,将军俑,bingmayong_jiangjun_d,6,3,1080,180,0,0,0,0,4,16,7.2,24,10.8,16,6,30,30,0,0,-15,-15,0,0,0,0,1080,360,48,16,100,0.5,316,,,,,1,1,999,40,60,10,51,5,0,0.5,1,0.7,将军俑_火砍,,,,,,,,1003,0,180,30,30,100,100,100,100,100,100,0,,1
网络兵俑将军E,将军俑,bingmayong_jiangjun_e,6,3,1080,180,0,0,0,0,5,16,7.2,24,10.8,16,6,0,0,-15,-15,30,30,0,0,0,0,1080,360,48,16,100,0.5,316,,,,,1,1,999,40,60,10,51,5,0,0.5,1,0.7,将军俑_土砍,,,,,,,,1003,0,180,30,30,100,100,100,100,100,100,0,,1
网络兵俑无经验将军A,将军俑,bingmayong_jiangjun_a,6,3,1080,180,0,0,0,0,1,16,7.2,24,10.8,16,6,0,0,30,30,0,0,-15,-15,0,0,1080,360,48,16,0,0,316,,,,,,,,,,,,,,,,,将军俑_金砍,,,,,,,,1003,0,180,30,30,100,100,100,100,100,100,0,,1
网络兵俑无经验将军B,将军俑,bingmayong_jiangjun_b,6,3,1080,180,0,0,0,0,2,16,7.2,24,10.8,16,6,-15,-15,0,0,0,0,0,0,30,30,1080,360,48,16,0,0,316,,,,,,,,,,,,,,,,,将军俑_木砍,,,,,,,,1003,0,180,30,30,100,100,100,100,100,100,0,,1
网络兵俑无经验将军C,将军俑,bingmayong_jiangjun_c,6,3,1080,180,0,0,0,0,3,16,7.2,24,10.8,16,6,0,0,0,0,0,0,30,30,-15,-15,1080,360,48,16,0,0,316,,,,,,,,,,,,,,,,,将军俑_水砍,,,,,,,,1003,0,180,30,30,100,100,100,100,100,100,0,,1
网络兵俑无经验将军D,将军俑,bingmayong_jiangjun_d,6,3,1080,180,0,0,0,0,4,16,7.2,24,10.8,16,6,30,30,0,0,-15,-15,0,0,0,0,1080,360,48,16,0,0,316,,,,,,,,,,,,,,,,,将军俑_火砍,,,,,,,,1003,0,180,30,30,100,100,100,100,100,100,0,,1
网络兵俑无经验将军E,将军俑,bingmayong_jiangjun_e,6,3,1080,180,0,0,0,0,5,16,7.2,24,10.8,16,6,0,0,-15,-15,30,30,0,0,0,0,1080,360,48,16,0,0,316,,,,,,,,,,,,,,,,,将军俑_土砍,,,,,,,,1003,0,180,30,30,100,100,100,100,100,100,0,,1
旧喽罗长枪,山贼,cateran_spear_old,6,3,32,11.2,7.2,2.7,13.5,4.8,,,,,,0,0,0,0,0,0,0,0,0,0,0,0,96,24,76,19,20,10,67,68,,,,1,1,999,15,60,20,0,2,1,1,2,1,喽罗长枪旧_攻击,喽罗长枪旧_诱敌,喽罗长枪旧_龟息诈死,,,,,,1101,0,80,0,0,0,0,0,0,0,0,0,,2
旧喽罗弓箭,山贼,cateran_archer_old,6,3,32,11.2,6,2.2,12,4.5,,,,,,0,0,0,0,0,0,0,0,0,0,0,0,140,35,76,19,20,10,74,75,76,,,1,1,999,15,60,20,0,2,1,1,2,1,喽罗弓箭旧_攻击,喽罗弓箭旧_诱敌,喽罗弓箭旧_龟息诈死,,,,,,1101,0,80,0,0,0,0,0,0,0,0,0,,2
喽罗双剑,山贼,cateran_sword_old,6,3,32,11.2,7.2,2.7,13.5,4.8,,,,,,0,0,0,0,0,0,0,0,0,0,0,0,96,24,76,19,20,10,1,,,,,1,1,999,15,60,20,0,2,1,1,2,1,山贼流寇_攻击,山贼流寇_攻击2,山贼流寇_跳,山贼流寇_穿心一击,山贼流寇_诱敌,,,,1101,0,80,0,0,0,0,0,0,0,0,0,,2
喽罗长枪新A,山贼,cateran_spear_newa,6,3,32,11.2,7.2,2.7,13.5,4.8,,,,,,0,0,0,0,0,0,0,0,0,0,0,0,96,24,76,19,20,10,299,300,,,,1,1,999,15,60,20,0,2,1,1,2,1,喽罗长枪新_攻击,,,,,,,,1101,0,80,0,0,0,0,0,0,0,0,0,,2
喽罗长枪新B,山贼,cateran_spear_newb,6,3,32,11.2,7.2,2.7,13.5,4.8,,,,,,0,0,0,0,0,0,0,0,0,0,0,0,96,24,76,19,20,10,299,300,,,,1,1,999,15,60,20,0,2,1,1,2,1,喽罗长枪新_攻击,,,,,,,,1101,0,80,0,0,0,0,0,0,0,0,0,,2
喽罗长枪新C,山贼,cateran_spear_newc,6,3,32,11.2,7.2,2.7,13.5,4.8,,,,,,0,0,0,0,0,0,0,0,0,0,0,0,96,24,76,19,20,10,299,300,,,,1,1,999,15,60,20,0,2,1,1,2,1,喽罗长枪新_攻击,,,,,,,,1101,0,80,0,0,0,0,0,0,0,0,0,,2
喽罗长枪新D,山贼,cateran_spear_newd,6,3,32,11.2,7.2,2.7,13.5,4.8,,,,,,0,0,0,0,0,0,0,0,0,0,0,0,96,24,76,19,20,10,299,300,,,,1,1,999,15,60,20,0,2,1,1,2,1,喽罗长枪新_攻击,喽罗长枪新_龟息诈死,,,,,,,1101,0,80,0,0,0,0,0,0,0,0,0,,2
喽罗长枪新E,山贼,cateran_spear_newe,6,3,48,16.8,0,0,0,0,2,6,2.2,10.8,4,0,0,-5,-5,0,0,0,0,0,0,10,10,96,24,76,19,36,18,299,300,,,,1,2,999,15,60,20,0,2,1,1,2,1,喽罗长枪新_五行攻击,,,,,,,,1101,0,80,0,0,0,0,0,0,0,0,0,,2
喽罗长枪新F,山贼,cateran_spear_newf,6,3,48,16.8,0,0,0,0,2,6,2.2,10.8,4,0,0,-5,-5,0,0,0,0,0,0,10,10,96,24,76,19,36,18,299,300,,,,1,2,999,15,60,20,0,2,1,1,2,1,喽罗长枪新_五行攻击,喽罗长枪新_龟息诈死,,,,,,,1101,0,80,0,0,0,0,0,0,0,0,0,,2
喽罗弓箭新A,山贼,cateran_archer_newa,6,3,28,10,6,2.2,12,4.5,,,,,,0,0,0,0,0,0,0,0,0,0,0,0,140,35,76,19,26,13,305,306,,,,1,1,999,15,60,20,0,2,1,1,2,1,喽罗弓箭新_攻击,,,,,,,,1101,0,60,0,0,0,0,0,0,0,0,0,,2
喽罗弓箭新B,山贼,cateran_archer_newb,6,3,28,10,6,2.2,12,4.5,,,,,,0,0,0,0,0,0,0,0,0,0,0,0,140,35,76,19,26,13,305,306,,,,1,1,999,15,60,20,0,2,1,1,2,1,喽罗弓箭新_攻击,,,,,,,,1101,0,60,0,0,0,0,0,0,0,0,0,,2
喽罗弓箭新C,山贼,cateran_archer_newc,6,3,28,10,6,2.2,12,4.5,,,,,,0,0,0,0,0,0,0,0,0,0,0,0,140,35,76,19,26,13,305,306,,,,1,1,999,15,60,20,0,2,1,1,2,1,喽罗弓箭新_攻击,,,,,,,,1101,0,60,0,0,0,0,0,0,0,0,0,,2
喽罗弓箭新D,山贼,cateran_archer_newd,6,3,28,10,6,2.2,12,4.5,,,,,,0,0,0,0,0,0,0,0,0,0,0,0,140,35,76,19,26,13,305,306,,,,1,1,999,15,60,20,0,2,1,1,2,1,喽罗弓箭新_攻击,喽罗弓箭新_龟息诈死,,,,,,,1101,0,60,0,0,0,0,0,0,0,0,0,,2
喽罗弓箭新E,山贼,cateran_archer_newe,6,3,40,14,0,0,0,0,2,4.8,1.8,9.6,3.6,0,0,-5,-5,0,0,0,0,0,0,10,10,140,35,76,19,48,24,305,306,,,,1,2,999,15,60,20,0,2,1,1,2,1,喽罗弓箭新_毒箭,,,,,,,,1101,0,60,0,0,0,0,0,0,0,0,0,,2
喽罗弓箭新F,山贼,cateran_archer_newf,6,3,40,14,0,0,0,0,2,4.8,1.8,9.6,3.6,0,0,-5,-5,0,0,0,0,0,0,10,10,140,35,76,19,48,24,305,306,,,,1,2,999,15,60,20,0,2,1,1,2,1,喽罗弓箭新_毒箭,喽罗弓箭新_龟息诈死,,,,,,,1101,0,60,0,0,0,0,0,0,0,0,0,,2
山贼头目长枪A,山贼头目,caterancaptain_spear_a,6,3,80,28,6,2.2,18,6.5,,,,,,0,0,0,0,0,0,0,0,0,0,0,0,96,24,76,19,96,35,189,190,,,,2,2,999,30,60,20,0,2,1,1,2,1,山贼头目枪_攻击,山贼头目_喊人,山贼头目_移行换影,,,,,,1102,0,120,0,0,30,30,30,30,30,30,40,,2
山贼头目长枪B,山贼头目,caterancaptain_spear_b,6,3,80,28,6,2.2,18,6.5,,,,,,0,0,0,0,0,0,0,0,0,0,0,0,96,24,76,19,96,35,189,190,,,,2,2,999,30,60,20,0,2,1,1,2,1,山贼头目枪_攻击,山贼头目_喊人,山贼头目_群体加速,,,,,,1102,0,120,0,0,30,30,30,30,30,30,40,,2
山贼头目板斧A,山贼头目,caterancaptain_axe_a,6,3,80,28,10.8,3.8,19.5,7,,,,,,0,0,0,0,0,0,0,0,0,0,0,0,96,24,76,19,90,30,181,182,,,,2,2,999,30,60,20,0,2,1,1,2,1,山贼头目斧_攻击,山贼头目_喊人,山贼头目_御气之术,,,,,,1102,0,120,0,0,30,30,30,30,30,30,40,,2
山贼头目板斧B,山贼头目,caterancaptain_axe_b,6,3,80,28,10.8,3.8,19.5,7,,,,,,0,0,0,0,0,0,0,0,0,0,0,0,96,24,76,19,90,30,181,182,,,,2,2,999,30,60,20,0,2,1,1,2,1,山贼头目斧_攻击,山贼头目_喊人,山贼头目_群体加速,,,,,,1102,0,120,0,0,30,30,30,30,30,30,40,,2
山贼大王A,山贼大王,cateranking_a,6,3,180,63,10.8,3.8,19.5,7,,,,,,0,0,0,0,0,0,0,0,0,0,0,0,96,24,76,19,180,75,348,349,350,,,2,2,999,60,60,20,0,2,1,1,2,1,山贼大王_攻击,山贼大王_喊人,山贼大王_群体攻击,山贼大王_穿心一击,,,,,1103,0,180,0,0,50,50,50,50,50,100,50,,2
山贼大王B,山贼大王,cateranking_b,6,3,180,63,10.8,3.8,19.5,7,,,,,,0,0,0,0,0,0,0,0,0,0,0,0,96,24,76,19,180,75,348,349,350,,,2,2,999,60,60,20,0,2,1,1,2,1,山贼大王_攻击,山贼大王_喊人,山贼大王_飞剑,山贼大王_加速,,,,,1103,0,180,0,0,50,50,50,50,50,100,50,,2
山贼大王C,山贼大王,cateranking_c,6,3,180,63,0,0,0,0,1,9,3.2,16.2,5.9,0,0,-5,-5,0,0,0,0,0,0,10,10,96,24,76,19,240,75,351,352,353,,,2,2,999,60,60,20,0,2,1,1,2,1,山贼大王_金攻击,山贼大王_喊人,山贼大王_固守金汤,山贼大王_气冲地面,,,,,1103,0,180,0,0,50,50,50,50,50,100,50,,2
山贼大王D,山贼大王,cateranking_d,6,3,180,63,0,0,0,0,1,9,3.2,16.2,5.9,0,0,-5,-5,0,0,0,0,0,0,10,10,96,24,76,19,240,75,351,352,353,,,2,2,999,60,60,20,0,2,1,1,2,1,山贼大王_金攻击,山贼大王_喊人,山贼大王_群体防御,山贼大王_连击,,,,,1103,0,180,0,0,50,50,50,50,50,100,50,,2
山贼法师A,山贼法师,cateranmage_a,6,3,60,21,10.8,3.8,19.5,7,,,,,,0,0,0,0,0,0,0,0,0,0,0,0,120,30,60,15,70,30,364,,,,,1,2,999,20,60,20,0,2,1,1,2,1,山贼法师_金蚕恶噬,山贼法师_百虫噬体,山贼法师_化血成魔,,,,,,1104,0,100,0,0,30,30,30,30,30,30,30,,2
山贼法师B,山贼法师,cateranmage_b,6,3,60,21,10.8,3.8,19.5,7,,,,,,0,0,0,0,0,0,0,0,0,0,0,0,120,30,60,15,90,30,364,,,,,1,2,999,20,60,20,0,2,1,1,2,1,山贼法师_金蚕恶噬,山贼法师_地鬼缠身,山贼法师_吸魔法,,,,,,1104,0,100,0,0,30,30,30,30,30,30,30,,2
山贼法师C,山贼法师,cateranmage_c,6,3,60,21,0,0,0,0,2,9,3.2,16.2,5.9,0,0,-10,-10,5,5,5,5,5,5,25,25,120,30,60,15,80,30,364,,,,,1,2,999,20,60,20,0,2,1,1,2,1,山贼法师_草木皆兵,山贼法师_种地,山贼法师_噬骨之毒,,,,,,1104,0,100,0,0,30,30,30,30,30,30,30,,2
山贼法师D,山贼法师,cateranmage_d,6,3,60,21,0,0,0,0,2,9,3.2,16.2,5.9,0,0,-10,-10,5,5,5,5,5,5,25,25,120,30,60,15,80,30,364,,,,,1,2,999,20,60,20,0,2,1,1,2,1,山贼法师_草木皆兵,山贼法师_种地,山贼法师_春满人间,,,,,,1104,0,100,0,0,30,30,30,30,30,30,30,,2
山贼法师E,山贼法师,cateranmage_e,6,3,60,21,0,0,0,0,2,9,3.2,16.2,5.9,0,0,-10,-10,5,5,5,5,5,5,25,25,120,30,60,15,100,40,364,,,,,1,2,999,20,60,20,0,2,1,1,2,1,山贼法师_草木皆兵,山贼法师_种地,山贼法师_百魔不侵,,,,,,1104,0,100,0,0,30,30,30,30,30,30,30,,2
网络喽罗双剑,山贼,cateran_sword_old,6,3,40,10,9,3,16.2,5.4,,,,,,16,6,0,0,0,0,0,0,0,0,0,0,96,24,76,19,15,0.03,1,,,,,1,1,999,15,60,20,51,3,,,,,山贼流寇_攻击,山贼流寇_攻击2,山贼流寇_跳,山贼流寇_穿心一击,山贼流寇_诱敌,,,,1101,0,80,0,50,0,0,0,0,0,0,0,,2
网络喽罗A长枪新,山贼,cateran_spear_newa,6,3,40,10,9,3,16.2,5.4,,,,,,16,6,0,0,0,0,0,0,0,0,0,0,96,24,76,19,15,0.03,299,300,,,,1,1,999,15,60,20,51,3,,,,,喽罗长枪新_攻击,,,,,,,,1101,0,80,0,50,0,0,0,0,0,0,0,,2
网络喽罗E长枪新,山贼,cateran_spear_newe,6,3,40,10,0,0,0,0,2,7.5,2.5,13.5,4.5,16,6,-10,-10,0,0,0,0,0,0,20,20,96,24,76,19,15,0.03,299,300,,,,1,1,999,15,60,20,51,3,,,,,喽罗长枪新_五行攻击,,,,,,,,1101,0,80,30,30,0,0,0,0,0,0,0,,2
网络喽罗A弓箭新,山贼,cateran_archer_newa,6,3,32,8,7.5,2.5,15,5,,,,,,16,6,0,0,0,0,0,0,0,0,0,0,140,35,76,19,15,0.03,305,306,,,,1,1,999,15,60,20,51,3,,,,,喽罗弓箭新_攻击,,,,,,,,1101,0,60,0,50,0,0,0,0,0,0,0,,2
网络喽罗E弓箭新,山贼,cateran_archer_newe,6,3,32,8,0,0,0,0,2,6,2,12,4,16,6,-10,-10,0,0,0,0,0,0,20,20,140,35,76,19,15,0.03,305,306,,,,1,1,999,15,60,20,51,3,,,,,喽罗弓箭新_毒箭,,,,,,,,1101,0,60,30,30,0,0,0,0,0,0,0,,2
网络山贼头目A长枪,山贼头目,caterancaptain_spear_a,6,3,160,40,7.2,2.4,21.6,7.2,,,,,,16,6,0,0,0,0,0,0,0,0,0,0,96,24,76,19,60,0.12,189,190,,,,1,1,999,75,60,20,51,5,,,,,山贼头目枪_攻击,山贼头目_喊人,山贼头目_移行换影,,,,,,1102,0,120,0,50,30,30,30,30,30,30,40,,2
网络山贼头目B长枪,山贼头目,caterancaptain_spear_b,6,3,160,40,7.2,2.4,21.6,7.2,,,,,,16,6,0,0,0,0,0,0,0,0,0,0,96,24,76,19,60,0.12,189,190,,,,1,1,999,75,60,20,51,5,,,,,山贼头目枪_攻击,山贼头目_喊人,山贼头目_群体加速,,,,,,1102,0,120,0,50,30,30,30,30,30,30,40,,2
网络山贼头目A板斧,山贼头目,caterancaptain_axe_a,6,3,160,40,12.9,4.3,23.4,7.8,,,,,,16,6,0,0,0,0,0,0,0,0,0,0,96,24,76,19,60,0.12,181,182,,,,1,1,999,75,60,20,51,5,,,,,山贼头目斧_攻击,山贼头目_喊人,山贼头目_御气之术,,,,,,1102,0,120,0,50,30,30,30,30,30,30,40,,2
网络山贼头目B板斧,山贼头目,caterancaptain_axe_b,6,3,160,40,12.9,4.3,23.4,7.8,,,,,,16,6,0,0,0,0,0,0,0,0,0,0,96,24,76,19,60,0.12,181,182,,,,1,1,999,75,60,20,51,5,,,,,山贼头目斧_攻击,山贼头目_喊人,山贼头目_群体加速,,,,,,1102,0,120,0,50,30,30,30,30,30,30,40,,2
网络山贼大王A,山贼大王,cateranking_a,6,3,320,80,12.9,4.3,23.4,7.8,,,,,,16,6,0,0,0,0,0,0,0,0,0,0,96,24,76,19,120,0.24,348,349,350,,,2,3,999,75,60,20,51,5,,,,,山贼大王_攻击,山贼大王_喊人,山贼大王_群体攻击,山贼大王_穿心一击,,,,,1103,0,180,0,50,50,50,50,50,50,100,50,,2
网络山贼大王B,山贼大王,cateranking_b,6,3,320,80,12.9,4.3,23.4,7.8,,,,,,16,6,0,0,0,0,0,0,0,0,0,0,96,24,76,19,120,0.24,348,349,350,,,2,3,999,75,60,20,51,5,,,,,山贼大王_攻击,山贼大王_喊人,山贼大王_飞剑,山贼大王_加速,,,,,1103,0,180,0,50,50,50,50,50,50,100,50,,2
网络山贼大王C,山贼大王,cateranking_c,6,3,320,80,0,0,0,0,1,10.8,3.6,19.5,6.5,16,6,-10,-10,0,0,0,0,0,0,20,20,96,24,76,19,120,0.24,351,352,353,,,2,3,999,75,60,20,51,5,,,,,山贼大王_金攻击,山贼大王_喊人,山贼大王_固守金汤,山贼大王_气冲地面,,,,,1103,0,180,30,30,50,50,50,50,50,100,50,,2
网络山贼大王D,山贼大王,cateranking_d,6,3,320,80,0,0,0,0,1,10.8,3.6,19.5,6.5,16,6,-10,-10,0,0,0,0,0,0,20,20,96,24,76,19,120,0.24,351,352,353,,,2,3,999,75,60,20,51,5,,,,,山贼大王_金攻击,山贼大王_喊人,山贼大王_群体防御,山贼大王_连击,,,,,1103,0,180,30,30,50,50,50,50,50,100,50,,2
网络山贼法师A,山贼法师,cateranmage_a,6,3,60,15,7.2,4.3,23.4,7.8,,,,,,16,6,0,0,0,0,0,0,0,0,0,0,120,30,60,15,35,0.07,364,,,,,1,1,999,25,60,20,51,5,,,,,山贼法师_金蚕恶噬,山贼法师_百虫噬体,山贼法师_化血成魔,,,,,,1104,0,100,0,50,30,30,30,30,30,30,30,,2
网络山贼法师B,山贼法师,cateranmage_b,6,3,60,15,7.2,4.3,23.4,7.8,,,,,,16,6,0,0,0,0,0,0,0,0,0,0,120,30,60,15,35,0.07,364,,,,,1,1,999,25,60,20,51,5,,,,,山贼法师_金蚕恶噬,山贼法师_地鬼缠身,山贼法师_吸魔法,,,,,,1104,0,100,0,50,30,30,30,30,30,30,30,,2
网络山贼法师C,山贼法师,cateranmage_c,6,3,60,15,0,0,0,0,2,10.8,3.6,19.5,6.5,16,6,-10,-10,0,0,0,0,0,0,20,20,120,30,60,15,35,0.07,364,,,,,1,1,999,25,60,20,51,5,,,,,山贼法师_草木皆兵,山贼法师_种地,山贼法师_噬骨之毒,,,,,,1104,0,100,30,30,30,30,30,30,30,30,30,,2
网络山贼法师D,山贼法师,cateranmage_d,6,3,60,15,0,0,0,0,2,10.8,3.6,19.5,6.5,16,6,-10,-10,0,0,0,0,0,0,20,20,120,30,60,15,35,0.07,364,,,,,1,1,999,25,60,20,51,5,,,,,山贼法师_草木皆兵,山贼法师_种地,山贼法师_春满人间,,,,,,1104,0,100,30,30,30,30,30,30,30,30,30,,2
网络山贼法师E,山贼法师,cateranmage_e,6,3,60,15,0,0,0,0,2,10.8,3.6,19.5,6.5,16,6,-10,-10,0,0,0,0,0,0,20,20,120,30,60,15,35,0.07,364,,,,,1,1,999,25,60,20,51,5,,,,,山贼法师_草木皆兵,山贼法师_种地,山贼法师_百魔不侵,,,,,,1104,0,100,30,30,30,30,30,30,30,30,30,,2
陷阱地牢,陷阱,dilao,,,,,12,4,30,10,,,,,,,,,,,,,,,,,,300,75,,,10,5,1501,,,,,,,,,,,,,,,,,陷阱_地牢,,,,,,,,1401,,,,,,,,,,,,1,
陷阱滚石,陷阱,gunshi,,,,,0,0,0,0,5,30,10,54,18,,,,,,,,,,,,,300,75,,,10,5,1502,,,,,,,,,,,,,,,,,陷阱_滚石,,,,,,,,1401,,,,,,,,,,,,1,
陷阱无情箭阱,陷阱,wuqingjianjing,,,,,30,10,54,18,,,,,,,,,,,,,,,,,,300,75,,,10,5,1503,,,,,,,,,,,,,,,,,陷阱_无情箭阱,,,,,,,,1401,0,0,0,0,0,0,0,0,0,0,0,1,
陷阱火箭雨,陷阱,huojianyu,,,,,30,10,54,18,4,30,10,54,18,,,,,,,,,,,,,300,75,,,10,5,1504,,,,,,,,,,,,,,,,,陷阱_火箭雨,,,,,,,,1401,,,,,,,,,,,,1,
陷阱大旋风,陷阱,daxuanfeng,,,,,0,0,0,0,5,30,10,54,18,,,,,,,,,,,,,300,75,,,10,5,1505,,,,,,,,,,,,,,,,,陷阱_大旋风,,,,,,,,1401,,,,,,,,,,,,1,
陷阱小旋风,陷阱,xiaoxuanfeng,,,,,0,0,0,0,5,30,10,54,18,,,,,,,,,,,,,300,75,,,10,5,1506,,,,,,,,,,,,,,,,,陷阱_小旋风,,,,,,,,1401,,,,,,,,,,,,1,
陷阱大怪物,陷阱,daguaiwu,,,,,0,0,0,0,1,30,10,54,18,,,,,,,,,,,,,300,75,,,10,5,1507,,,,,,,,,,,,,,,,,陷阱_剑雨,,,,,,,,1401,,,,,,,,,,,,1,
陷阱百虫噬体,陷阱,baichongshiti,,,,,30,10,54,18,,,,,,,,,,,,,,,,,,300,75,,,10,5,1508,,,,,,,,,,,,,,,,,陷阱_百虫噬体,,,,,,,,1401,,,,,,,,,,,,1,
陷阱鬼影,陷阱,guiying,,,,,30,10,54,18,,,,,,,,,,,,,,,,,,300,75,,,10,5,1509,,,,,,,,,,,,,,,,,陷阱_鬼影,,,,,,,,1401,,,,,,,,,,,,1,
陷阱陷地毒签,陷阱,xiandiduqian,,,,,30,10,54,18,2,30,10,54,18,,,,,,,,,,,,,300,75,,,10,5,1510,,,,,,,,,,,,,,,,,陷阱_陷地毒签,,,,,,,,1401,0,0,0,0,0,0,0,0,0,0,0,1,
陷阱猎杀陷阱,陷阱,lieshaxianjing,,,,,12,4,30,10,,,,,,,,,,,,,,,,,,300,75,,,10,5,1511,,,,,,,,,,,,,,,,,陷阱_猎杀陷阱,,,,,,,,1401,0,0,0,0,0,0,0,0,0,0,0,1,
陷阱捆仙之索,陷阱,kunxianzhisuo,,,,,12,4,30,10,,,,,,,,,,,,,,,,,,300,75,,,10,5,1512,,,,,,,,,,,,,,,,,陷阱_捆仙之索,,,,,,,,1401,0,0,0,0,0,0,0,0,0,0,0,1,
陷阱引蜂术,陷阱,yinfengshu,,,,,30,10,54,18,2,30,10,54,18,,,,,,,,,,,,,300,75,,,10,5,1513,,,,,,,,,,,,,,,,,陷阱_引蜂术,,,,,,,,1401,0,0,0,0,0,0,0,0,0,0,0,1,
陷阱毒气,陷阱,duqixianjing,,,,,0,0,0,0,2,30,10,54,18,,,,,,,,,,,,,300,75,,,10,5,1514,,,,,,,,,,,,,,,,,陷阱_桃花毒瘴,,,,,,,,1401,0,0,0,0,0,0,0,0,0,0,0,1,
陷阱火圈,陷阱,huoquan,,,,,0,0,0,0,4,30,10,54,18,,,,,,,,,,,,,300,75,,,10,5,1515,,,,,,,,,,,,,,,,,陷阱_火圈,,,,,,,,1401,,,,,,,,,,,,1,
陷阱火墙,陷阱,huoqiang,,,,,0,0,0,0,4,30,10,54,18,,,,,,,,,,,,,300,75,,,10,5,1516,,,,,,,,,,,,,,,,,陷阱_野火焚心,,,,,,,,1401,,,,,,,,,,,,1,
陷阱荆棘,陷阱,jingji,,,,,12,4,30,10,,,,,,,,,,,,,,,,,,300,75,,,10,5,1517,,,,,,,,,,,,,,,,,陷阱_荆棘密布,,,,,,,,1401,,,,,,,,,,,,1,
陷阱冰暴,陷阱,bingbao,,,,,0,0,0,0,3,30,10,54,18,,,,,,,,,,,,,300,75,,,10,5,1518,,,,,,,,,,,,,,,,,陷阱_长空冰暴,,,,,,,,1401,,,,,,,,,,,,1,
陷阱鬼火,陷阱,guihuo,,,,,0,0,0,0,5,30,10,54,18,,,,,,,,,,,,,300,75,,,10,5,1519,,,,,,,,,,,,,,,,,陷阱_鬼火,,,,,,,,1401,,,,,,,,,,,,1,
猎杀陷阱,陷阱,lieshaxianjing2,,,,,3,1,9,3,,,,,,,,,,,,,,,,,,1000,500,,,,,1522,,,,,,,,,,,,,,,,,刺客陷阱_猎杀陷阱,,,,,,,,1401,0,0,0,0,0,0,0,0,0,0,0,1,
引蜂术,陷阱,yinfengshu2,,,,,3,1,9,3,,,,,,,,,,,,,,,,,,1200,200,,,,,1524,,,,,,,,,,,,,,,,,刺客陷阱_引蜂术,,,,,,,,1401,0,0,0,0,0,0,0,0,0,0,0,1,
陷地毒签,陷阱,xiandiduqian2,,,,,3,1,9,3,,,,,,,,,,,,,,,,,,1500,150,,,,,1521,,,,,,,,,,,,,,,,,刺客陷阱_陷地毒签,,,,,,,,1401,0,0,0,0,0,0,0,0,0,0,0,1,
捆仙之索,陷阱,kunxianzhisuo2,,,,,3,1,9,3,,,,,,,,,,,,,,,,,,1800,120,,,,,1523,,,,,,,,,,,,,,,,,刺客陷阱_捆仙之索,,,,,,,,1401,0,0,0,0,0,0,0,0,0,0,0,1,
无情箭阱,陷阱,wuqingjianjing2,,,,,3,1,9,3,,,,,,,,,,,,,,,,,,2000,100,,,,,1520,,,,,,,,,,,,,,,,,刺客陷阱_无情箭阱,,,,,,,,1401,0,0,0,0,0,0,0,0,0,0,0,1,
网络陷阱地牢,陷阱,dilao,,,,,12,4,30,10,,,,,,,,,,,,,,,,,,300,75,,,10,5,1501,,,,,,,,,,,,,,,,,陷阱_地牢,,,,,,,,1401,,,,,,,,,,,,1,
网络陷阱火箭雨,陷阱,huojianyu,,,,,12,4,24,8,4,12,4,24,8,,,,,,,,,,,,,300,75,,,10,5,1504,,,,,,,,,,,,,,,,,陷阱_火箭雨,,,,,,,,1401,,,,,,,,,,,,1,
网络陷阱鬼火,陷阱,guihuo,,,,,0,0,0,0,5,12,4,24,8,,,,,,,,,,,,,300,75,,,10,5,1519,,,,,,,,,,,,,,,,,陷阱_鬼火,,,,,,,,1401,,,,,,,,,,,,1,
匈奴士兵长枪A,匈奴士兵,hun_soldier_blade_a,6,3,60,21,9,3.2,15,5.4,,,,,,0,0,0,0,0,0,0,0,0,0,0,0,80,20,56,14,30,15,289,,,,,1,1,999,20,,,,,,,,,匈奴长枪_攻击,,,,,,,,1151,0,120,0,0,0,0,0,0,0,0,0,,2
匈奴士兵长枪B,匈奴士兵,hun_soldier_blade_b,6,3,60,21,9,3.2,15,5.4,,,,,,0,0,0,0,0,0,0,0,0,0,0,0,80,20,56,14,30,15,290,291,,,,1,1,999,20,,,,,,,,,匈奴长枪_攻击,,,,,,,,1151,0,120,0,0,0,0,0,0,0,0,0,,2
匈奴士兵长枪C,匈奴士兵,hun_soldier_blade_c,6,3,60,21,9,3.2,15,5.4,,,,,,0,0,0,0,0,0,0,0,0,0,0,0,80,20,56,14,30,15,292,,,,,1,1,999,20,,,,,,,,,匈奴长枪_攻击,,,,,,,,1151,0,120,0,0,0,0,0,0,0,0,0,,2
匈奴士兵新长枪A,匈奴士兵,hun_soldier_blade_d,6,3,60,21,0,0,0,0,4,9,3.2,15,5.4,0,0,20,20,0,0,-10,-10,0,0,0,0,80,20,56,14,54,27,410,,,,,1,1,999,20,,,,,,,,,匈奴长枪新_攻击,,,,,,,,1151,0,120,0,0,0,0,0,0,0,0,0,,2
匈奴士兵新长枪B,匈奴士兵,hun_soldier_blade_e,6,3,60,21,0,0,0,0,4,9,3.2,15,5.4,0,0,20,20,0,0,-10,-10,0,0,0,0,80,20,56,14,54,27,411,412,,,,1,2,999,20,,,,,,,,,匈奴长枪新_攻击,,,,,,,,1151,0,120,0,0,0,0,0,0,0,0,0,,2
匈奴士兵新长枪C,匈奴士兵,hun_soldier_blade_f,6,3,60,21,0,0,0,0,4,9,3.2,15,5.4,0,0,20,20,0,0,-10,-10,0,0,0,0,80,20,56,14,54,27,413,,,,,1,2,999,20,,,,,,,,,匈奴长枪新_攻击,,,,,,,,1151,0,120,0,0,0,0,0,0,0,0,0,,2
匈奴士兵弓箭A,匈奴士兵,hun_soldier_archer_a,6,3,54,19,7.5,2.7,13.5,4.8,,,,,,0,0,0,0,0,0,0,0,0,0,0,0,112,28,56,14,42,21,293,,,,,1,1,999,20,,,,,,,,,匈奴弓箭_射箭,,,,,,,,1151,0,100,0,0,0,0,0,0,0,0,0,,2
匈奴士兵弓箭B,匈奴士兵,hun_soldier_archer_b,6,3,54,19,7.5,2.7,13.5,4.8,,,,,,0,0,0,0,0,0,0,0,0,0,0,0,112,28,56,14,42,21,294,295,,,,1,1,999,20,,,,,,,,,匈奴弓箭_射箭,,,,,,,,1151,0,100,0,0,0,0,0,0,0,0,0,,2
匈奴士兵弓箭C,匈奴士兵,hun_soldier_archer_c,6,3,54,19,7.5,2.7,13.5,4.8,,,,,,0,0,0,0,0,0,0,0,0,0,0,0,112,28,56,14,42,21,296,,,,,1,1,999,20,,,,,,,,,匈奴弓箭_射箭,,,,,,,,1151,0,100,0,0,0,0,0,0,0,0,0,,2
匈奴士兵新弓箭A,匈奴士兵,hun_soldier_archer_d,6,3,54,19,0,0,0,0,4,6.6,2.7,13.5,4.8,0,0,16,16,0,0,-8,-8,0,0,0,0,112,28,56,14,72,36,414,,,,,1,1,999,20,,,,,,,,,匈奴弓箭新_火箭,,,,,,,,1151,0,100,0,0,0,0,0,0,0,0,0,,2
匈奴士兵新弓箭B,匈奴士兵,hun_soldier_archer_e,6,3,54,19,0,0,0,0,4,6.6,2.7,13.5,4.8,0,0,16,16,0,0,-8,-8,0,0,0,0,112,28,56,14,72,36,415,416,,,,1,2,999,20,,,,,,,,,匈奴弓箭新_火箭,,,,,,,,1151,0,100,0,0,0,0,0,0,0,0,0,,2
匈奴士兵新弓箭C,匈奴士兵,hun_soldier_archer_f,6,3,54,19,0,0,0,0,4,6.6,2.7,13.5,4.8,0,0,16,16,0,0,-8,-8,0,0,0,0,112,28,56,14,72,36,417,,,,,1,2,999,20,,,,,,,,,匈奴弓箭新_火箭,,,,,,,,1151,0,100,0,0,0,0,0,0,0,0,0,,2
匈奴将领,匈奴将领,hun_general_blade,6,3,500,175,18,6,36,12,,,,,,20,10,0,0,0,0,0,0,0,0,0,0,112,28,56,14,480,240,354,,,,,3,4,999,90,100,10,,,,,,,匈奴将领_砍,匈奴将领_刺,匈奴将领_旋,匈奴将领_燃烧血刃,匈奴将领_喊人,,,,1152,0,220,0,0,50,50,50,50,50,100,30,,2
匈奴法师,匈奴法师,hun_mage_staff_c,6,3,400,140,18,6,30,10,,,,,,0,0,8,8,8,8,8,8,8,8,8,8,180,45,60,15,420,210,355,,,,,3,4,999,90,100,10,,,,,,,匈奴法师_攻击,匈奴法师_人头弹,匈奴法师_紧身咒,匈奴法师_群体加速,,,,,1153,0,180,0,0,50,50,50,50,50,50,50,,2
苗族战士,苗族战士,soldier_miao,6,3,60,21,9,3.6,15,6,,,,,,0,0,0,0,0,0,0,0,0,0,0,0,80,20,56,14,30,15,403,,,,,1,1,999,40,,,,,,,,,苗族战士_攻击,,,,,,,,1151,0,120,0,0,0,0,0,0,0,0,0,,2
网络匈奴士兵新长枪,匈奴士兵,hun_soldier_blade_a,6,3,40,10,0,0,0,0,4,10.8,3.6,18,6,16,6,20,20,0,0,-10,-10,0,0,0,0,80,20,56,14,25,0.05,410,,,,,1,1,999,20,51,4,,,,,,,匈奴长枪新_攻击,,,,,,,,1151,0,120,0,30,0,0,0,0,0,0,0,,2
网络匈奴士兵新弓箭,匈奴士兵,hun_soldier_archer_a,6,3,40,10,0,0,0,0,4,9,3,13.5,4.5,16,6,20,20,0,0,-10,-10,0,0,0,0,112,28,56,14,30,0.06,414,,,,,1,1,999,20,51,4,,,,,,,匈奴弓箭新_火箭,,,,,,,,1151,0,100,0,30,0,0,0,0,0,0,0,,2
网络匈奴将领,匈奴将领,nethun_general_blade,6,3,200,50,12.9,4.3,23.4,7.8,,,,,,16,6,0,0,0,0,0,0,0,0,0,0,112,28,56,14,120,0.24,354,,,,,1,1,999,70,51,10,,,,,,,匈奴将领_新砍,匈奴将领_新刺,匈奴将领_新旋,匈奴将领_燃烧血刃,匈奴将领_喊人,,,,1152,0,220,0,30,50,50,50,50,50,100,30,,2
网络匈奴法师,匈奴法师,nethun_mage_staff,6,3,64,16,12.9,4.3,23.4,7.8,,,,,,16,6,0,0,0,0,0,0,0,0,0,0,180,45,60,15,90,0.18,355,,,,,1,1,999,70,51,10,,,,,,,匈奴法师_攻击,匈奴法师_新人头弹,匈奴法师_紧身咒,匈奴法师_群体加速,,,,,1153,0,180,0,30,50,50,50,50,50,50,50,,2
义军士兵刀盾A,义军士兵,yijun_blade_a,6,3,50,17.5,9,3.2,15,5.4,,,,,,0,0,0,0,0,0,0,0,0,0,0,0,80,20,56,14,36,18,247,165,,,,1,1,999,25,0,2,1,1,2,1,,,义军刀盾_砍,,,,,,,,1051,0,100,0,0,30,30,30,30,30,30,30,,2
义军士兵刀盾B,义军士兵,yijun_blade_b,6,3,50,17.5,9,3.2,15,5.4,,,,,,0,0,0,0,0,0,0,0,0,0,0,0,80,20,56,14,36,18,247,165,,,,1,1,999,25,0,2,1,1,2,1,,,义军刀盾_砍,,,,,,,,1051,0,100,0,0,30,30,30,30,30,30,30,,2
义军士兵刀盾C,义军士兵,yijun_blade_c,6,3,50,17.5,9,3.2,15,5.4,,,,,,0,0,0,0,0,0,0,0,0,0,0,0,80,20,56,14,36,18,247,165,,,,1,1,999,25,0,2,1,1,2,1,,,义军刀盾_砍,义军刀盾_亡命搏杀,,,,,,,1051,0,100,0,0,30,30,30,30,30,30,30,,2
义军士兵刀盾D,义军士兵,yijun_blade_d,6,3,50,17.5,9,3.2,15,5.4,,,,,,0,0,0,0,0,0,0,0,0,0,0,0,80,20,56,14,36,18,247,165,,,,1,1,999,25,0,2,1,1,2,1,,,义军刀盾_砍,义军刀盾_亡命搏杀,,,,,,,1051,0,100,0,0,30,30,30,30,30,30,30,,2
义军士兵刀盾E,义军士兵,yijun_blade_e,6,3,100,35,0,0,0,0,1,7.2,2.7,12,4.5,0,0,0,0,16,16,0,0,-8,-8,0,0,80,20,56,14,60,30,247,165,,,,1,2,999,25,0,2,1,1,2,1,,,义军刀盾_五行攻击,义军刀盾_金钟护体,,,,,,,1051,0,100,0,0,30,30,30,30,30,30,30,,2
义军士兵刀盾F,义军士兵,yijun_blade_f,6,3,100,35,0,0,0,0,1,7.2,2.7,12,4.5,0,0,0,0,16,16,0,0,-8,-8,0,0,80,20,56,14,60,30,247,165,,,,1,2,999,25,0,2,1,1,2,1,,,义军刀盾_五行攻击,义军刀盾_金钟护体,,,,,,,1051,0,100,0,0,30,30,30,30,30,30,30,,2
义军士兵长枪A,义军士兵,yijun_spear_a,6,3,40,14,9,3.2,18,6.5,,,,,,0,0,0,0,0,0,0,0,0,0,0,0,80,20,56,14,24,12,174,175,,,,1,1,999,25,0,2,1,1,2,1,,,义军长枪_刺,,,,,,,,1051,0,80,0,0,30,30,30,30,30,30,30,,2
义军士兵长枪B,义军士兵,yijun_spear_b,6,3,40,14,9,3.2,18,6.5,,,,,,0,0,0,0,0,0,0,0,0,0,0,0,80,20,56,14,24,12,174,175,,,,1,1,999,25,0,2,1,1,2,1,,,义军长枪_刺,,,,,,,,1051,0,80,0,0,30,30,30,30,30,30,30,,2
义军士兵长枪C,义军士兵,yijun_spear_c,6,3,40,14,9,3.2,18,6.5,,,,,,0,0,0,0,0,0,0,0,0,0,0,0,80,20,56,14,24,12,174,175,,,,1,1,999,25,0,2,1,1,2,1,,,义军长枪_刺,义军长枪_亡命搏杀,,,,,,,1051,0,80,0,0,30,30,30,30,30,30,30,,2
义军士兵长枪D,义军士兵,yijun_spear_d,6,3,40,14,9,3.2,18,6.5,,,,,,0,0,0,0,0,0,0,0,0,0,0,0,80,20,56,14,24,12,174,175,,,,1,1,999,25,0,2,1,1,2,1,,,义军长枪_刺,义军长枪_亡命搏杀,,,,,,,1051,0,80,0,0,30,30,30,30,30,30,30,,2
义军士兵长枪E,义军士兵,yijun_spear_e,6,3,80,28,0,0,0,0,1,7.2,2.7,14.4,5.4,0,0,0,0,16,16,0,0,-8,-8,0,0,80,20,56,14,36,18,174,175,,,,1,1,999,25,0,2,1,1,2,1,,,义军长枪_五行攻击,,,,,,,,1051,0,80,0,0,30,30,30,30,30,30,30,,2
义军士兵长枪F,义军士兵,yijun_spear_f,6,3,80,28,0,0,0,0,1,7.2,2.7,14.4,5.4,0,0,0,0,16,16,0,0,-8,-8,0,0,80,20,56,14,36,18,174,175,,,,1,1,999,25,0,2,1,1,2,1,,,义军长枪_五行攻击,,,,,,,,1051,0,80,0,0,30,30,30,30,30,30,30,,2
义军士兵弓箭A,义军士兵,yijun_archer_a,6,3,40,14,7.5,2.7,13.5,4.8,,,,,,0,0,0,0,0,0,0,0,0,0,0,0,112,28,56,14,30,15,169,170,,,,1,1,999,25,0,2,1,1,2,1,,,义军弓箭_射箭,,,,,,,,1051,0,70,0,0,30,30,30,30,30,30,30,,2
义军士兵弓箭B,义军士兵,yijun_archer_b,6,3,40,14,7.5,2.7,13.5,4.8,,,,,,0,0,0,0,0,0,0,0,0,0,0,0,112,28,56,14,30,15,169,170,,,,1,1,999,25,0,2,1,1,2,1,,,义军弓箭_射箭,,,,,,,,1051,0,70,0,0,30,30,30,30,30,30,30,,2
义军士兵弓箭C,义军士兵,yijun_archer_c,6,3,40,14,7.5,2.7,13.5,4.8,,,,,,0,0,0,0,0,0,0,0,0,0,0,0,112,28,56,14,30,15,169,170,,,,1,1,999,25,0,2,1,1,2,1,,,义军弓箭_射箭,,,,,,,,1051,0,70,0,0,30,30,30,30,30,30,30,,2
义军士兵弓箭D,义军士兵,yijun_archer_d,6,3,40,14,7.5,2.7,13.5,4.8,,,,,,0,0,0,0,0,0,0,0,0,0,0,0,112,28,56,14,30,15,169,170,,,,1,1,999,25,0,2,1,1,2,1,,,义军弓箭_射箭,,,,,,,,1051,0,70,0,0,30,30,30,30,30,30,30,,2
义军士兵弓箭E,义军士兵,yijun_archer_e,6,3,80,28,0,0,0,0,1,6,2.2,11.1,4,0,0,0,0,16,16,0,0,-8,-8,0,0,112,28,56,14,48,24,169,170,,,,1,1,999,25,0,2,1,1,2,1,,,义军弓箭_连珠快箭,义军弓箭_御气之术,,,,,,,1051,0,70,0,0,30,30,30,30,30,30,30,,2
义军士兵弓箭F,义军士兵,yijun_archer_f,6,3,80,28,0,0,0,0,1,6,2.2,11.1,4,0,0,0,0,16,16,0,0,-8,-8,0,0,112,28,56,14,48,24,169,170,,,,1,1,999,25,0,2,1,1,2,1,,,义军弓箭_乱箭齐发,义军弓箭_御气之术,,,,,,,1051,0,70,0,0,30,30,30,30,30,30,30,,2
义军将领剑A,义军将领,yijun_general_a,6,3,160,56,12,4.3,18,6.5,,,,,,0,0,0,0,0,0,0,0,0,0,0,0,96,24,64,16,160,60,273,,,,,2,2,999,50,0,2,1,1,2,1,,,义军将领_攻击,义军将领_连击,义军将领_群体攻击,义军将领_喊人,,,,,1052,0,150,0,0,60,60,60,60,60,100,50,,2
义军将领剑B,义军将领,yijun_general_b,6,3,160,56,12,4.3,18,6.5,,,,,,0,0,0,0,0,0,0,0,0,0,0,0,96,24,64,16,160,60,273,,,,,2,2,999,50,0,2,1,1,2,1,,,义军将领_捅,义军将领_飞剑,义军将领_喊人,,,,,,1052,0,150,0,0,60,60,60,60,60,100,50,,2
义军将领锤A,义军将领,yijun_general_c,6,3,160,56,12,4.3,18,6.5,,,,,,0,0,0,0,0,0,0,0,0,0,0,0,96,24,64,16,160,60,273,,,,,2,2,999,50,0,2,1,1,2,1,,,义军将领_攻击,义军将领_连击,义军将领_群体防御,义军将领_喊人,,,,,1052,0,150,0,0,60,60,60,60,60,100,50,,2
义军将领锤B,义军将领,yijun_general_d,6,3,160,56,12,4.3,18,6.5,,,,,,0,0,0,0,0,0,0,0,0,0,0,0,96,24,64,16,160,60,273,,,,,2,2,999,50,0,2,1,1,2,1,,,义军将领_攻击,义军将领_迅雷穿闪,义军将领_群体攻击,义军将领_喊人,,,,,1052,0,150,0,0,60,60,60,60,60,100,50,,2
义军官员,义军官员,yijun_official,6,3,100,35,9,3.2,15,5.4,,,,,,0,0,0,0,0,0,0,0,0,0,0,0,80,20,56,14,48,24,203,,,,,1,1,999,50,0,2,1,1,2,1,,,义军官员_砍,义军官员_飞剑,义军官员_喊人,,,,,,1053,0,80,0,0,0,0,0,0,0,0,0,,2
网络义军士兵A刀盾,义军士兵,yijun_blade_a,6,3,60,15,10.8,3.6,18,6,,,,,,16,6,0,0,0,0,0,0,0,0,0,0,80,20,56,14,20,0.04,247,165,,,,1,1,999,20,51,3,,,,,,,义军刀盾_砍,,,,,,,,1051,0,100,0,30,30,30,30,30,30,30,30,,2
网络义军士兵B刀盾,义军士兵,yijun_blade_b,6,3,60,15,10.8,3.6,18,6,,,,,,16,6,0,0,0,0,0,0,0,0,0,0,80,20,56,14,20,0.04,247,165,,,,1,1,999,20,51,3,,,,,,,义军刀盾_砍,义军刀盾_亡命搏杀,,,,,,,1051,0,100,0,30,30,30,30,30,30,30,30,,2
网络义军士兵C刀盾,义军士兵,yijun_blade_c,6,3,60,15,10.8,3.6,18,6,,,,,,16,6,0,0,0,0,0,0,0,0,0,0,80,20,56,14,20,0.04,247,165,,,,1,1,999,20,51,3,,,,,,,义军刀盾_砍,义军刀盾_金钟护体,,,,,,,1051,0,100,0,30,30,30,30,30,30,30,30,,2
网络义军士兵A长枪,义军士兵,yijun_spear_a,6,3,48,12,10.8,3.6,21.6,7.2,,,,,,16,6,0,0,0,0,0,0,0,0,0,0,80,20,56,14,25,0.05,174,175,,,,1,1,999,20,51,3,,,,,,,义军长枪_刺,,,,,,,,1051,0,80,0,30,30,30,30,30,30,30,30,,2
网络义军士兵B长枪,义军士兵,yijun_spear_b,6,3,48,12,10.8,3.6,21.6,7.2,,,,,,16,6,0,0,0,0,0,0,0,0,0,0,80,20,56,14,25,0.05,174,175,,,,1,1,999,20,51,3,,,,,,,义军长枪_刺,义军长枪_亡命搏杀,,,,,,,1051,0,80,0,30,30,30,30,30,30,30,30,,2
网络义军士兵C长枪,义军士兵,yijun_spear_c,6,3,48,12,10.8,3.6,21.6,7.2,,,,,,16,6,0,0,0,0,0,0,0,0,0,0,80,20,56,14,25,0.05,174,175,,,,1,1,999,20,51,3,,,,,,,义军长枪_刺,,,,,,,,1051,0,80,0,30,30,30,30,30,30,30,30,,2
网络义军士兵A弓箭,义军士兵,yijun_archer_a,6,3,48,12,9,3,16.2,5.4,,,,,,16,6,0,0,0,0,0,0,0,0,0,0,112,28,56,14,20,0.04,169,170,,,,1,1,999,20,51,3,,,,,,,义军弓箭_射箭,,,,,,,,1051,0,70,0,30,30,30,30,30,30,30,30,,2
网络义军士兵B弓箭,义军士兵,yijun_archer_b,6,3,48,12,9,3,16.2,5.4,,,,,,16,6,0,0,0,0,0,0,0,0,0,0,112,28,56,14,20,0.04,169,170,,,,1,1,999,20,51,3,,,,,,,义军弓箭_射箭,,,,,,,,1051,0,70,0,30,30,30,30,30,30,30,30,,2
网络义军士兵C弓箭,义军士兵,yijun_archer_c,6,3,48,12,9,3,16.2,5.4,,,,,,16,6,0,0,0,0,0,0,0,0,0,0,112,28,56,14,20,0.04,169,170,,,,1,1,999,20,51,3,,,,,,,义军弓箭_真连珠快箭,义军弓箭_御气之术,,,,,,,1051,0,70,0,30,30,30,30,30,30,30,30,,2
网络义军士兵D弓箭,义军士兵,yijun_archer_d,6,3,48,12,9,3,16.2,5.4,,,,,,16,6,0,0,0,0,0,0,0,0,0,0,112,28,56,14,20,0.04,169,170,,,,1,1,999,20,51,3,,,,,,,义军弓箭_真乱箭齐发,义军弓箭_御气之术,,,,,,,1051,0,70,0,30,30,30,30,30,30,30,30,,2
网络义军将领锤A,义军将领,yijun_general_a,6,3,280,70,14.4,4.8,21.6,7.2,,,,,,16,6,0,0,0,0,0,0,0,0,0,0,96,24,64,16,75,0.15,273,,,,,1,2,999,90,51,10,,,,,,,义军将领_攻击,义军将领_连击,义军将领_群体防御,义军将领_喊人,,,,,1052,0,150,0,30,60,60,60,60,60,100,50,,2
网络义军将领锤B,义军将领,yijun_general_b,6,3,280,70,14.4,4.8,21.6,7.2,,,,,,16,6,0,0,0,0,0,0,0,0,0,0,96,24,64,16,75,0.15,273,,,,,1,2,999,90,51,10,,,,,,,义军将领_攻击,义军将领_迅雷穿闪,义军将领_群体攻击,义军将领_喊人,,,,,1052,0,150,0,30,60,60,60,60,60,100,50,,2
召唤兽狼,狼,wolf,6,3,50,2,7.5,7.5,15,15,,,,,,0,0,0,0,0,0,0,0,0,0,0,0,100,25,72,18,0,0,248,,,,,0,0,,,,,,,,,,,狼_抓,,,,,,,,1451,0,70,0,0,0,0,0,0,0,0,0,20,2
召唤兽老虎,虎,tiger,6,3,100,4,10,10,20,20,,,,,,0,0,0,0,0,0,0,0,0,0,0,0,100,25,72,18,0,0,39,,,,,0,0,,,,,,,,,,,老虎_抓,,,,,,,,1452,0,110,0,0,0,0,0,0,0,0,0,20,2
召唤兽老虎大,虎,tigerbig,6,3,100,4,12.5,12.5,25,25,,,,,,0,0,0,0,0,0,0,0,0,0,0,0,100,25,72,18,0,0,327,,,,,0,0,,,,,,,,,,,老虎_抓,,,,,,,,1203,0,110,0,0,0,0,0,0,0,0,0,20,2
召唤兽老虎白,虎,tigerwhite,6,3,125,5,12.5,12.5,25,25,,,,,,0,0,0,0,0,0,0,0,0,0,0,0,100,25,72,18,0,0,328,,,,,0,0,,,,,,,,,,,老虎_抓,,,,,,,,1204,0,110,0,0,0,0,0,0,0,0,0,20,2
召唤兽熊,熊,bear,6,3,200,8,30,30,40,40,,,,,,0,0,0,0,0,0,0,0,0,0,0,0,100,25,40,10,0,0,323,,,,,0,0,,,,,,,,,,,狗熊_抓,,,,,,,,1453,0,180,0,0,0,0,0,0,0,0,0,20,2
召唤兽熊金,熊,bear2,6,3,200,8,0,0,0,0,1,30,30,40,40,0,0,0,0,10,10,0,0,-10,-10,0,0,100,25,40,10,0,0,323,,,,,0,0,,,,,,,,,,,狗熊_眩晕攻击,,,,,,,,1453,0,180,0,0,0,0,0,0,0,0,0,20,2
召唤兽鸟,鸟,bird,6,3,,,,,,,,,,,,,,,,,,,,,,,,,,,,,,,,,,,,,,,,,,,,,,,,,,,,,,,1454,0,0,0,0,0,0,0,0,0,0,0,,2
召唤兽白狼,白狼,whitewolf,6,3,50,2,0,0,0,0,3,6,6,12,12,0,0,0,0,0,0,0,0,8,8,-8,-8,100,25,72,18,0,0,249,,,,,0,0,,,,,,,,,,,白狼_抓,,,,,,,,1455,0,100,0,0,0,0,0,0,0,0,0,20,2
召唤兽木偶,木偶,puppet,6,3,2000,0,25,25,50,50,,,,,,0,0,0,0,0,0,0,0,0,0,0,0,200,50,20,5,0,0,309,,,,,0,0,,,,,,,,,,,玩偶_自爆,,,,,,,,1456,0,250,0,0,0,0,0,0,0,0,0,20,2
召唤兽狗,狗,dog,6,3,28,7,6,2,12,4,,,,,,0,0,0,0,0,0,0,0,0,0,0,0,160,40,100,25,0,0,250,,,,,0,0,,,,,,,,,,,狗_咬,,,,,,,,1208,0,60,0,0,0,0,0,0,0,0,0,20,2
召唤兽虎蛟,虎蛟,hujiao,6,3,32,8,0,0,0,0,2,6,3,10,5,0,0,-4,-4,4,4,4,4,4,4,12,12,100,25,72,18,0,0,318,,,,,0,0,,,,,,,,,,,虎蛟_吐口水,虎蛟_必要吐舌,虎蛟_变大,,,,,,1254,0,90,0,,0,100,0,0,0,0,0,,2
召唤兽狍鸮,狍鸮,paoxiao,6,3,80,20,12,4,20,6.7,,,,,,0,0,0,0,0,0,0,0,0,0,0,0,120,30,90,15,0,0,16,,,,,0,0,,,,,,,,,,,狍鸮_攻击,狍鸮_跑,,,,,,,1253,0,160,0,40,50,50,50,50,50,50,50,,2
召唤兽朱厌,朱厌,zhuyan,6,3,160,40,0,0,0,0,1,12,4,20,6.7,20,10,0,0,16,16,0,0,-8,-8,0,0,100,25,40,10,0,0,335,,,,,0,0,,,,,,,,,,,朱厌_攻击,朱厌_血舞狂风,朱厌_气冲霄汉,朱厌_移行换影,,,,,1257,0,250,50,0,50,50,50,50,50,100,75,,2
召唤兽善翼,善翼,shanyi,6,3,120,30,0,0,0,0,5,12,4,20,6.7,15,7.5,10,10,-10,-10,30,30,10,10,10,10,160,40,100,25,0,0,338,,,,,0,0,,,,,,,,,,,善翼_瞬移,善翼_必要攻击,善翼_土魔法,,,,,,1258,0,220,50,50,100,100,100,100,100,100,100,,2
克隆刺客弓,刺客,cike_bow,6,3,200,10,0,0,0,0,,,,,,0,0,0,0,0,0,0,0,0,0,0,0,1000,0,800,0,0,0,266,,,,,0,0,,,,,,,,,,,克隆刺客_射箭,,,,,,,,1358,0,180,0,0,0,0,0,0,0,0,0,,2
克隆刺客刀,刺客,cike_knife,6,3,200,10,0,0,0,0,,,,,,0,0,0,0,0,0,0,0,0,0,0,0,1000,0,800,0,0,0,266,,,,,0,0,,,,,,,,,,,克隆刺客_挥刺,,,,,,,,1358,0,180,0,0,0,0,0,0,0,0,0,,2
